{
  "item.snowyspirit.sled": "%s Sled",
  "item.snowyspirit.sled_oak": "Oak Sled",
  "item.snowyspirit.sled_birch": "Birch Sled",
  "item.snowyspirit.sled_spruce": "Spruce Sled",
  "item.snowyspirit.sled_jungle": "Jungle Sled",
  "item.snowyspirit.sled_dark_oak": "Dark Oak Sled",
  "item.snowyspirit.sled_acacia": "Acacia Sled",
  "block.snowyspirit.ginger": "Ginger",
  "block.snowyspirit.wild_ginger": "Wild Ginger",
  "item.snowyspirit.ginger_flower": "Ginger Flower",
  "item.snowyspirit.ginger": "Ginger",
  "block.snowyspirit.gingerbread": "Gingerbread",
  "block.snowyspirit.gingerbread_stairs": "Gingerbread Stairs",
  "block.snowyspirit.gingerbread_slab": "Gingerbread Slab",
  "block.snowyspirit.gingerbread_vertical_slab": "Vertical Gingerbread Slab",
  "block.snowyspirit.gingerbread_frosted": "Frosted Gingerbread",
  "block.snowyspirit.gingerbread_door": "Gingerbread Door",
  "block.snowyspirit.gingerbread_trapdoor": "Gingerbread Trapdoor",
  "block.snowyspirit.wreath": "Wreath",
  "block.snowyspirit.candy_cane_block": "Candy Cane Block",
  "item.snowyspirit.candy_cane": "Candy Cane",
  "block.snowyspirit.gumdrop_red": "Red Gumdrop",
  "block.snowyspirit.gumdrop_orange": "Orange Gumdrop",
  "block.snowyspirit.gumdrop_yellow": "Yellow Gumdrop",
  "block.snowyspirit.gumdrop_lime": "Lime Gumdrop",
  "block.snowyspirit.gumdrop_green": "Green Gumdrop",
  "block.snowyspirit.gumdrop_cyan": "Cyan Gumdrop",
  "block.snowyspirit.gumdrop_light_blue": "Light Blue Gumdrop",
  "block.snowyspirit.gumdrop_blue": "Blue Gumdrop",
  "block.snowyspirit.gumdrop_purple": "Purple Gumdrop",
  "block.snowyspirit.gumdrop_magenta": "Magenta Gumdrop",
  "block.snowyspirit.gumdrop_pink": "Pink Gumdrop",
  "block.snowyspirit.gumdrop_white": "White Gumdrop",
  "block.snowyspirit.gumdrop_light_gray": "Light Gray Gumdrop",
  "block.snowyspirit.gumdrop_gray": "Gray Gumdrop",
  "block.snowyspirit.gumdrop_black": "Black Gumdrop",
  "block.snowyspirit.gumdrop_brown": "Brown Gumdrop",
  "entity.snowyspirit.sled": "Sled",
  "entity.snowyspirit.container_entity": "Sled Chest",
  "message.snowyspirit.container_entity_name": "Sled %s",
  "block.snowyspirit.glow_lights_red": "Red Glow Lights",
  "block.snowyspirit.glow_lights_orange": "Orange Glow Lights",
  "block.snowyspirit.glow_lights_yellow": "Yellow Glow Lights",
  "block.snowyspirit.glow_lights_lime": "Lime Glow Lights",
  "block.snowyspirit.glow_lights_green": "Green Glow Lights",
  "block.snowyspirit.glow_lights_cyan": "Cyan Glow Lights",
  "block.snowyspirit.glow_lights_light_blue": "Light Blue Glow Lights",
  "block.snowyspirit.glow_lights_blue": "Blue Glow Lights",
  "block.snowyspirit.glow_lights_purple": "Purple Glow Lights",
  "block.snowyspirit.glow_lights_magenta": "Magenta Glow Lights",
  "block.snowyspirit.glow_lights_pink": "Pink Glow Lights",
  "block.snowyspirit.glow_lights_white": "White Glow Lights",
  "block.snowyspirit.glow_lights_light_gray": "Light Gray Glow Lights",
  "block.snowyspirit.glow_lights_gray": "Gray Glow Lights",
  "block.snowyspirit.glow_lights_black": "Black Glow Lights",
  "block.snowyspirit.glow_lights_brown": "Brown Glow Lights",
  "item.snowyspirit.glow_lights_red": "Red Glow Lights",
  "item.snowyspirit.glow_lights_orange": "Orange Glow Lights",
  "item.snowyspirit.glow_lights_yellow": "Yellow Glow Lights",
  "item.snowyspirit.glow_lights_lime": "Lime Glow Lights",
  "item.snowyspirit.glow_lights_green": "Green Glow Lights",
  "item.snowyspirit.glow_lights_cyan": "Cyan Glow Lights",
  "item.snowyspirit.glow_lights_light_blue": "Light Blue Glow Lights",
  "item.snowyspirit.glow_lights_blue": "Blue Glow Lights",
  "item.snowyspirit.glow_lights_purple": "Purple Glow Lights",
  "item.snowyspirit.glow_lights_magenta": "Magenta Glow Lights",
  "item.snowyspirit.glow_lights_pink": "Pink Glow Lights",
  "item.snowyspirit.glow_lights_white": "White Glow Lights",
  "item.snowyspirit.glow_lights_light_gray": "Light Gray Glow Lights",
  "item.snowyspirit.glow_lights_gray": "Gray Glow Lights",
  "item.snowyspirit.glow_lights_black": "Black Glow Lights",
  "item.snowyspirit.glow_lights_brown": "Brown Glow Lights",
  "item.snowyspirit.glow_lights_prismatic": "Prismatic Glow Lights",
  "item.snowyspirit.eggnog": "Eggnog",
  "item.snowyspirit.winter_disc.desc": "STiiX - A Carol",
  "item.snowyspirit.winter_disc": "Music Disc",
  "subtitle.snowyspirit.music.winter": "A Carol",
  "block.snowyspirit.snow_globe": "Snow Globe",
  "item.snowyspirit.gingerbread_cookie": "Gingerbread Cookie",
  "gui.snowyspirit.snow_season_on": "Snow Season On",
  "block.snowyspirit.ginger_crate": "Ginger Crate",
  "block.snowyspirit.potted_ginger": "Potted Ginger",

  "subtitle.snowyspirit.sled": "Sled sliding",
  "block_type.snowyspirit.sled": "Sled"
}
