{
  "entity.boatload.furnace_boat": "Boat with Furnace",
  "entity.boatload.large_boat": "Large Boat",
  "item.boatload.acacia_furnace_boat": "Acacia Boat with Furnace",
  "item.boatload.birch_furnace_boat": "Birch Boat with Furnace",
  "item.boatload.dark_oak_furnace_boat": "Dark Oak Boat with Furnace",
  "item.boatload.jungle_furnace_boat": "Jungle Boat with Furnace",
  "item.boatload.large_acacia_boat": "Large Acacia Boat",
  "item.boatload.large_birch_boat": "Large Birch Boat",
  "item.boatload.large_dark_oak_boat": "Large Dark Oak Boat",
  "item.boatload.large_jungle_boat": "Large Jungle Boat",
  "item.boatload.large_mangrove_boat": "Large Mangrove Boat",
  "item.boatload.large_oak_boat": "Large Oak Boat",
  "item.boatload.large_spruce_boat": "Large Spruce Boat",
  "item.boatload.mangrove_furnace_boat": "Mangrove Boat with Furnace",
  "item.boatload.oak_furnace_boat": "Oak Boat with Furnace",
  "item.boatload.spruce_furnace_boat": "Spruce Boat with Furnace"
}