{
    "//OpenComment1": "READ BEFORE GETTING TO WORK!",
    "//OpenComment2": "EVERY STRING IS LOCATED IN THE FILE LIKE IT IS IN-GAME. ORDER: RIGHT, LEFT, DOWN",
    "//OpenComment3": "Comments are written like strings because JSON's limits",

"// Common":"",
	"physicsmod.gui.back": "BACK",
	"physicsmod.gui.reset": "RESET",
	"physicsmod.gui.search": "Search...",
	"physicsmod.gui.noblock": "No block",
	"physicsmod.gui.nosound": "No sound",
	"physicsmod.gui.select": "Select",
	"physicsmod.gui.selectx": "Select %s",
	"physicsmod.gui.customize": "Customize",
	"physicsmod.gui.customizecloth": "Customize Cloth",
	"physicsmod.gui.customplayer": "Player...",
	"physicsmod.gui.add": "Add",
	"physicsmod.prop.add": "Add %s",
	"physicsmod.gui.addall": "Add All",
	"physicsmod.gui.disabled": "Disabled",
	"physicsmod.prop.remove": "Remove %s",
	"physicsmod.prop.error": "Error",
	"physicsmod.animation": "Animation",
	"physicsmod.menu.main.title": "Physics Settings...",
    "physicsmod.menu.options.format": "%s: %s",
        "// This one is actually not only for mobs":"",
	"physicsmod.enum.mobphysics.mainrule": "Main Rule",
	"physicsmod.enum.blockphysics.mainrule": "Main Rule",

"// Search Titles":"",
	"physicsmod.menu.animation.search.title": "Animation Search",
	"physicsmod.menu.blocks.search.title": "Block Search",
	"physicsmod.menu.particle.search.title": "Particle Search",
	"physicsmod.menu.sound.search.title": "Sound Search",

"// Errors":"",
    "physicsmod.menu.physics.ocean.error": "Ocean physics are incompatible with Immersive Portals and Farsight. Use Iris + Sodium (Fabric)/Oculus + Rubidium (Forge) instead.",
	"physicsmod.menu.physics.collapse.error": "You can only change the collapse settings in the server config except for singleplayer (config/physicsmod/physics_server_config.json).",
	"physicsmod.menu.physics.snow.error": "Snow physics are incompatible with Immersive Portals and Farsight. Use Iris + Sodium (Fabric)/Oculus + Rubidium (Forge) instead.",
	"physicsmod.menu.physics.dynamicblocks.error": "Dynamic Block physics are incompatible with Immersive Portals and Farsight.",

"// Main Menu":"",
	"physicsmod.menu.main.prorequired": "PRO VERSION REQUIRED! ",
	"physicsmod.menu.main.getpro": "GET PRO",
	"physicsmod.menu.main.update": "UPDATE",
	"physicsmod.menu.main.support": "SUPPORT DEVELOPMENT",

"// Code":"",
	"physicsmod.gui.pro": "Pro Version",
	"physicsmod.gui.verify": "Verifying Physics Mod copy",
	"physicsmod.gui.getcode": "Get Code",
	"physicsmod.gui.getcode.info": "This will open the patreon verification website in your default browser",
	"physicsmod.gui.entercode": "Enter your Physics Mod Code (press the button to get the code)",
	"physicsmod.gui.code": "Code",
	"physicsmod.gui.opensite": "Open Site",
	"physicsmod.gui.copylink": "Copy Link",
	"physicsmod.menu.verification.popup": "Do you want to open the following website: %s",

"// General": "",
	"physicsmod.menu.general.title.main": "GENERAL",
	"physicsmod.menu.general.title.main.info": "Define how many physics objects can be active at once or the maximum number of threads used. Also includes some particle settings.",
	"physicsmod.menu.general.title": "General Settings",
        "// Standalone":"",
	"physicsmod.menu.general.maxphysicsobjects": "Physics Max Objects",
	"physicsmod.menu.general.minecraftblockbreakparticles": "MC Break Particles",
	"physicsmod.menu.items.itemphysics": "Dropped Item Physics",
	"physicsmod.menu.items.rotation": "Dropped Item Rotation Speed",
        "// CPU threads":"",
	"physicsmod.menu.general.cputhreads": "Physics CPU Threads",
	"physicsmod.menu.general.cputhreads.info": "After changing this you will need to reload the world to apply changes.",
        "// PVP servers":"",
		"physicsmod.menu.general.pvpservercompatibility": "PVP Server Compatibility",
		"physicsmod.menu.general.pvpservercompatibility.info": "Enables Physics for entities that simply disappear without triggering the death event. When enabled bees going into hives, mob transformations and spawning mobs in peaceful mode will trigger physics.",
        "// Particle Physics":"",
	"physicsmod.menu.general.crackphysicsparticles": "Crack Particle Physics",
	"physicsmod.menu.general.crackphysicsparticles.info": "Enables Physics for particles while cracking a block.",
	"physicsmod.menu.general.sprintingphysicsparticles": "Sprint Particle Physics",
	"physicsmod.menu.general.sprintingphysicsparticles.info": "Enables Physics for particles while sprinting on a block.",
	"physicsmod.menu.general.eatingphysicsparticles": "Eat Particle Physics",
	"physicsmod.menu.general.eatingphysicsparticles.info": "Enables Physics for particles while eating.",
	"physicsmod.menu.general.serverblockPhysicsparticles": "Block Particle Physics",
	"physicsmod.menu.general.serverblockPhysicsparticles.info": "Enables Physics for particles when receiving fall damage and other block particles received by the server packets.",
	"physicsmod.menu.general.particlelifetimeparticles": "Lifetime (Particles)",
	"physicsmod.menu.general.particlelifetimevarianceparticles": "Lifetime Variance",
        "// Gravity":"",
    "physicsmod.gui.gravity": "Gravity",
	"physicsmod.menu.gravity.customize.reset": "Do you really want to reset your gravities?",
	"physicsmod.menu.gravity.customize.title": "Gravity Rules (join a world to see dimensions)",
	"physicsmod.menu.gravity.gravityx": "Gravity X",
	"physicsmod.menu.gravity.gravityy": "Gravity Y",
	"physicsmod.menu.gravity.gravityz": "Gravity Z",
	"physicsmod.menu.gravity.buoyancyx": "Buoyancy X",
	"physicsmod.menu.gravity.buoyancyy": "Buoyancy Y",
	"physicsmod.menu.gravity.buoyancyz": "Buoyancy Z",

"// Mobs":"",
	"physicsmod.menu.mobs.title.main": "MOBS",
	"physicsmod.menu.mobs.title.main.info": "Change the behaviour of mobs when they die. Turn them into ragdolls, their individual parts or let them crumble into pieces!",
	"physicsmod.menu.mobs.title": "Mob Settings",
        "// Mob physics":"",
		"physicsmod.menu.mob.mobphysics": "Mob Physics",
	"physicsmod.enum.mobphysics.off": "Off",
	"physicsmod.enum.mobphysics.ragdoll": "Ragdoll",
	"physicsmod.enum.mobphysics.ragdollbreaking": "Ragdoll Breaking",
	"physicsmod.enum.mobphysics.ragdollbreakingblood": "Ragdoll Blood",
	"physicsmod.enum.mobphysics.blocky": "Blocky",
	"physicsmod.enum.mobphysics.fractured": "Fractured",
	"physicsmod.enum.mobphysics.fracturedblood": "Fractured Blood",
	"physicsmod.menu.mob.lifetime": "Lifetime (Mobs)",
	"physicsmod.menu.mob.lifetimevariance": "Lifetime Variance",
	"physicsmod.menu.mob.ragdollbreakforce": "Ragdoll Joint Break Force",
	"physicsmod.menu.mob.ragdollbreakblood": "Ragdoll Joint Break Blood",
	"physicsmod.menu.mob.ragdollbreak.info": "This needs either the type <Ragdoll Breaking> or <Ragdoll Blood> to be enabled",
	"physicsmod.menu.mob.ragdolllimit": "Ragdoll Limit",
	"physicsmod.menu.mob.ragdolllimit.info": "Limits the amount of ragdolls being active in the world. This setting can be useful for giant mob farms.",
        "//Mob physics customize":"",
	"physicsmod.menu.mobs.customize.title": "Mob Rules",
	"physicsmod.menu.mobs.customize.reset": "Do you really want to reset your mob settings?",
	"physicsmod.menu.mobs.edit.title": "Edit Mob %s",
	"physicsmod.prop.mob.type": "Physics Type",
	"physicsmod.prop.mob.lifetime": "Lifetime",
	"physicsmod.prop.mob.lifetimevariance": "Lifetime Variance",

"// Blocks":"",
    "physicsmod.menu.blocks.title.main": "BLOCKS",
	"physicsmod.menu.blocks.title.main.info": "Adjust the way blocks crumble when they are getting destroyed. Small particles, the entire block or fractured pieces. Whatever your heart desires!",
	"physicsmod.menu.blocks.title": "Block Settings",
	"physicsmod.menu.block.blockphysics": "Block Physics",
	"physicsmod.enum.blockphysics.off": "Off",
	"physicsmod.enum.blockphysics.fractured": "Fractured",
	"physicsmod.enum.blockphysics.blocky": "Blocky",
	"physicsmod.enum.blockphysics.particles": "Particles",
	"physicsmod.enum.blockphysics.fracturedvoxel": "Crumbled Voxel",
        "// Physics range":"",
	"physicsmod.menu.block.blockphysicsrange": "Activation Distance",
	"physicsmod.menu.block.blockphysicsrange.info": "Describes at which distance to the player (in blocks) it should stop activating block physics.",
	"physicsmod.menu.block.blockphysicsrange.max": "Always",
        "// Other":"",
	"physicsmod.menu.block.lifetime": "Lifetime (Blocks)",
	"physicsmod.menu.block.lifetimevariance": "Lifetime Variance",
	"physicsmod.menu.block.scale": "Physics Objects Scale",
	"physicsmod.menu.blocks.customize.reset": "Do you really want to reset your block settings?",
    "physicsmod.menu.blocks.customize.title": "Block Rules",
        "// Customize blocks":"",
    "physicsmod.menu.blocks.edit.title": "Edit Block %s",
	"physicsmod.prop.block.type": "Physics Type",
	"physicsmod.prop.block.lifetime": "Lifetime",
	"physicsmod.prop.block.lifetimevariance": "Lifetime Variance",
	"physicsmod.prop.block.scale": "Scale",
	

"// Ocean":"",
    "physicsmod.menu.ocean.title.main": "OCEAN",
	"physicsmod.menu.ocean.title.main.info": "Experience the thrill of navigating the vast, open oceans of Minecraft with realistic ocean physics that allow you to feel the power of the waves and the wind on your sails!",
	"physicsmod.menu.ocean.title": "Ocean Settings",
	"physicsmod.menu.ocean.title.warning": "Ocean Settings §c(Increase wave distance to shore to avoid visual glitches!)",
	"physicsmod.menu.ocean.oceanphysics": "Ocean Physics",
	"physicsmod.menu.ocean.foamamount": "Ocean Foam Amount",
	"physicsmod.menu.ocean.foamopacity": "Ocean Foam Opacity",
	"physicsmod.menu.ocean.ripples": "Water Ripples",
	"physicsmod.menu.ocean.ripples.info": "Requires Ocean Physics to be on! Creates ripples on the water surface around entities.",
	"physicsmod.menu.ocean.hitbox": "Adjust Hitbox",
	"physicsmod.menu.ocean.hitbox.info": "Adjusts the hitbox of blocks to be correct, this might result in a kick or ban on servers so use it with caution!",
	"physicsmod.menu.ocean.blockrange": "Wave distance to shore",
	"physicsmod.menu.ocean.blockrange.info": "This decides how far away from the shore the water has to be to form big waves. Also takes into account the deepness of the water body.",
	"physicsmod.menu.ocean.wavetitle": "Wave Settings",
	"physicsmod.menu.ocean.detail": "Surface Detail",
    "physicsmod.menu.ocean.waveheight": "Height",
    "physicsmod.menu.ocean.wavespeed": "Speed",
	"physicsmod.menu.ocean.wavehorizontalscale": "Horizontal Scale",
	"physicsmod.menu.ocean.entities": "Entity Settings",
	"physicsmod.menu.ocean.particles": "Splashes",
	"physicsmod.menu.ocean.particlealpha": "Splashes Opacity",
	"physicsmod.menu.ocean.sticky": "Stick to Surface",
	"physicsmod.menu.ocean.weather": "Weather Strength Multiplier",
	"physicsmod.menu.ocean.weather.clear": "Clear",
	"physicsmod.menu.ocean.weather.rain": "Rain",
	"physicsmod.menu.ocean.weather.thunder": "Thunder",
	"physicsmod.menu.ocean.reset": "Do you really want to reset your ocean settings?",

"// Dynamic Blocks":"",
	"physicsmod.menu.dynamicblocks.title.main": "DYNAMIC BLOCKS",
	"physicsmod.menu.dynamicblocks.title.main.info": "Advance your gameplay by turning vines, doors, trapdoors and hanging signs into physics objects.",
	"physicsmod.menu.dynamicblocks.title.pro": "Dynamic Block Settings",
	"physicsmod.menu.dynamicblocks.title": "Dynamic Block Settings (PRO VERSION REQUIRED)",
	"physicsmod.menu.dynamicblocks.dynamicblockphysics": "Dynamic Block Physics",
	"physicsmod.menu.dynamicblocks.range": "Load Distance (Blocks)",
	"physicsmod.menu.dynamicblocks.lifetime": "Lifetime (Blocks)",
	"physicsmod.menu.dynamicblocks.lifetimevariance": "Lifetime Variance",
	"physicsmod.menu.dynamicblocks.maxloadedblocks": "Max. Loaded Blocks",
	"physicsmod.menu.dynamicblocks.maxloadedblocks.info": "Only activates the nearest X amount of block physics",
	"physicsmod.menu.dynamicblocks.customize.title": "Dynamic Block Customization",
	"physicsmod.menu.dynamicblocks.customize.reset": "Do you really want to reset your dynamic block settings?",
	"physicsmod.menu.dynamicblocks.add": "Add Block",
	"physicsmod.menu.dynamicblocks.add.title": "Add Dynamic Block",
	"physicsmod.menu.dynamicblocks.edit.title": "Edit Dynamic Block",
	"physicsmod.menu.dynamicblocks.edit.type": "Type",
	"physicsmod.menu.dynamicblocks.edit.block": "Block",
        "// Not type specific":"",
	"physicsmod.prop.dynamicsetting.linkedphysics": "Linked Physics",
	"physicsmod.prop.mainrule": "Main Rule",
        "// Type specific":"",
                "// Vines":"",
			"physicsmod.prop.vine.link": "Can link",
			"physicsmod.prop.vine.bottomfixed": "Fixed on bottom",
			"physicsmod.prop.vine.waterphysics": "No gravity",
			"physicsmod.prop.vine.sideconnection": "Side connection",
			"physicsmod.prop.vine.hitboxscale": "Hitbox scale",
			"physicsmod.prop.vine.stiffness": "Stiffness",
			"physicsmod.prop.vine.damping": "Damping",
                "// Door":"",
			"physicsmod.prop.door.hitboxscale": "Hitbox scale",
			"physicsmod.prop.door.stiffness": "Stiffness",
			"physicsmod.prop.door.damping": "Damping",
			"physicsmod.prop.door.collision": "Collision",
                "// Trapdoor":"",
        	"physicsmod.prop.trapdoor.hitboxscale": "Hitbox scale",
			"physicsmod.prop.trapdoor.stiffness": "Stiffness",
			"physicsmod.prop.trapdoor.damping": "Damping",
			"physicsmod.prop.trapdoor.collision": "Collision",

"// Cloth":"",
    "physicsmod.menu.cloth.title.main": "CLOTH",
	"physicsmod.menu.cloth.title.main.info": "Elevate your gaming experience by giving your player a bespoke cloth simulated outfit, or turn mundane capes, banners and leashes into an eye-catching physics simulation. Take it up a notch by designing your very own physics-based player customizations and watch your creation come to life in the game!",
	"physicsmod.menu.cloth.title.pro": "Cloth Settings",
	"physicsmod.menu.cloth.title": "Cloth Settings (PRO VERSION REQUIRED)",
	"physicsmod.menu.cloth.capephysics": "Cape Physics",
	"physicsmod.menu.cloth.entityclothphysics": "Entity Cloth Physics",
	"physicsmod.menu.cloth.entityclothrange": "Entity Cloth Range",
	"physicsmod.menu.cloth.forcearmor": "Hide Cloth when Armor equipped",
	"physicsmod.menu.cloth.forcearmor.info": "Forces armor to show even though some cloth pieces hide them. Useful for PvP when you need to know which armor your opponent is wearing.",
	"physicsmod.menu.cloth.entityclothrange.info": "At this distance threshold (in blocks) it will switch to static rendering and stop simulating the cloth.",
	"physicsmod.menu.cloth.fishinglinephysics": "Fishing Line Physics",
	"physicsmod.menu.cloth.fishinglinelength": "Fishing Line Length",
	"physicsmod.menu.cloth.leashphysics": "Leash Physics",
	"physicsmod.menu.cloth.leashlength": "Leash Length",
	"physicsmod.menu.cloth.bannerphysics": "Banner Physics",
	"physicsmod.menu.cloth.bannerdistance": "Banner Distance",
	"physicsmod.menu.cloth.bannerdistance.info": "The distance at which the banner physics switch back to default minecraft banners.",
	"physicsmod.menu.cloth.smoothshading": "Cloth Smooth Shading",
	"physicsmod.menu.cloth.clothcputhreads": "Cloth CPU Threads",
        "// Customize cloth":"",
	"physicsmod.menu.cloth.changesinfo": "Player customization changes can take up to 30 seconds to be visible!",
	"physicsmod.menu.cloth.proinfo": "Only player cloth customizations of Pro users are visible! Player customization, cape/banner/leash/fishing line physics are only in the Pro version!",
	"physicsmod.menu.cloth.partselection.title": "Select Body Part for %s",
	"physicsmod.menu.cloth.downloading.title": "Downloading Cloth...",
	"physicsmod.menu.cloth.clothselection.allPlayers": "All Players",
	"physicsmod.menu.cloth.clothselection.yourself": "Yourself",
	"physicsmod.menu.cloth.categoryselection.title": "Select Cloth for %s",
	"physicsmod.menu.cloth.clothselection.title": "Select Cloth for %s",
	"physicsmod.menu.cloth.selection.changeEntity": "Change Entity",
	"physicsmod.menu.cloth.selection.openFolder": "Open Cloth Folder",
	"physicsmod.menu.cloth.selection.backToParts": "Back to Parts",
    
"// Items":"",
	"physicsmod.menu.items.title.main": "PROJECTILES",
	"physicsmod.menu.items.title.main.info": "Get ready for some action! Snowballs, Enderpearls and Eggs can now shatter into pieces when hitting an object!",
	"physicsmod.menu.items.title.pro": "Projectile Settings",
    "physicsmod.menu.items.title": "Projectile Settings (PRO VERSION REQUIRED)",
	"physicsmod.menu.items.particlelifetimeitems": "Lifetime (Projectiles)",
	"physicsmod.menu.items.particlelifetimevarianceitems": "Lifetime Variance",
	"physicsmod.menu.items.snowballmodel": "Snowball Model",
	"physicsmod.menu.items.snowballimpact": "Snowball Impact",
	"physicsmod.menu.items.snowballshade": "Snowball Shade",
	"physicsmod.menu.items.enderpearlmodel": "Enderpearl Model",
	"physicsmod.menu.items.enderpearlimpact": "Enderpearl Impact",
	"physicsmod.menu.items.enderpearlshade": "Enderpearl Shade",
	"physicsmod.menu.items.eggmodel": "Egg Model",
	"physicsmod.menu.items.eggimpact": "Egg Impact",
	"physicsmod.menu.items.eggshade": "Egg Shade",
		"// Impacts":"",
	"physicsmod.enum.impact.shatter": "Shatter",
	"physicsmod.enum.impact.disappear": "Disappear",
	"physicsmod.enum.impact.bounce": "Bounce",
		"// Models":"",
		"physicsmod.enum.model.classic": "Classic",
		"physicsmod.enum.model.round": "Round",
		"physicsmod.enum.model.voxel": "Voxel",

"// Liquids":"",
	"physicsmod.menu.liquid.title.main": "LIQUIDS",
	"physicsmod.menu.liquid.title.main.info": "BETA! Test liquid physics in Minecraft and see how it could look in the not so distant future!",
	"physicsmod.menu.liquid.title.pro": "Liquid Settings",
	"physicsmod.menu.liquid.title": "Liquid Settings (PRO VERSION REQUIRED)",
	"physicsmod.menu.liquid.liquidphysics": "Liquid Physics",
	"physicsmod.menu.liquid.cudaliquids": "GPU Liquids",
	"physicsmod.menu.liquid.cudaliquids.info": "High quality liquids simulated on your GPU. High performance impact. Commands for spawning liquids are below when enabled.",
	"physicsmod.menu.liquid.cudaliquids.error": "You need to be in the main menu to change this setting. Only Nvidia GPUs on Windows and Linux are supported!",
	"physicsmod.menu.liquid.cudaliquids.blur": "Liquid Blur Passes",
	"physicsmod.menu.liquid.cudaliquids.blur.info": "Changes the surface smoothness. Higher is more GPU compute intensive.",
	"physicsmod.menu.liquid.cudaliquids.size": "Liquid Particle Size",
	"physicsmod.menu.liquid.cudaliquids.size.info": "Changes the particle size of the liquid.",
	"physicsmod.menu.liquid.cudaliquids.size.error": "You need to be in the main menu to change this setting.",
	"physicsmod.menu.liquid.cudaliquids.commands": "GPU physics are now enabled and might have issues with other parts of the mod (or decreased performance overall). Type /liquid help in the chat to check the commands to spawn liquids! This feature is in BETA and only intended for cinematics/testing right now.",
	"physicsmod.menu.liquid.waterdensity": "Water Density",
	"physicsmod.menu.liquid.waterdensity.info": "This controls the density of infinite water sources.",
	"physicsmod.menu.liquid.liquidthreads": "Liquid CPU Threads",
	"physicsmod.menu.liquid.liquidthreads.info": "More threads can improve the FPS of liquids but might decrease your Minecraft FPS.",
	"physicsmod.menu.liquid.liquidsourcedistance": "Liquid Max Source Distance (Blocks)",
	"physicsmod.menu.liquid.particlelifetimeliquids": "Lifetime (Liquid)",
	"physicsmod.menu.liquid.particlelifetimevarianceliquids": "Lifetime Variance",
	"physicsmod.menu.liquid.warning": "This is a beta release of the liquids so that you can play around and test them. To spawn a continuous liquid source break an enchanting table (you can stop the source by placing a block on the source, everything is only CLIENT SIDE). Blocks that create a vanishing liquid source: melon, wet sponge, pumpkin, cactus, filled water cauldron.",

"// Snow":"",
	"physicsmod.menu.snow.title.main": "SNOW",
	"physicsmod.menu.snow.title.main.info": "Minecraft never looked more ready for the winter. Plow through the snow, enjoy the atmosphere and even leave trails in it!",
	"physicsmod.menu.snow.title.pro": "Snow Settings",
	"physicsmod.menu.snow.title": "Snow Settings (PRO VERSION REQUIRED)",
	"physicsmod.menu.snow.reset": "Do you really want to reset your snow settings?",
	"physicsmod.menu.snow.snowphysics": "Snow Physics",
	"physicsmod.menu.snow.snowtracks": "Snow Tracks",
	"physicsmod.menu.snow.snowthickness": "Thickness",
	"physicsmod.menu.snow.snowthickness.info": "Thickness for snow. Only works with round + smooth shaded snow.",
	"physicsmod.menu.snow.levelofdetail": "Level of Detail",
	"physicsmod.menu.snow.levelofdetail.info": "Determines the level of detail for snow that is far from the viewer.",
	"physicsmod.menu.snow.snowtrackentities": "Track Entities",
	"physicsmod.menu.snow.snowtrackentities.info": "The selected amount of entities closest to the player leave tracks in the snow. Too high values result in delayed tracks.",
	"physicsmod.menu.snow.snowtrackdistance": "Tracks Distance",
	"physicsmod.menu.snow.snowtrackdistance.info": "The maximum distance from the player where entities leave tracks in the snow. Too high values result in delayed tracks.",
	"physicsmod.menu.snow.snowtype": "Snow Type",
	"physicsmod.enum.snowtype.round": "Round",
	"physicsmod.enum.snowtype.cube": "Cube",
	"physicsmod.menu.snow.snowsmoothshading": "Smooth Shading",
	"physicsmod.menu.snow.snowsmoothshading.info": "Enable/Disable whether the snow has smooth shading",
	"physicsmod.menu.snow.snowquality": "Snow Quality",
	"physicsmod.menu.snow.snowquality.info": "High will require a lot of allocated RAM (6 GB+) otherwise Minecraft might freeze and crash.",
	"physicsmod.enum.snowquality.medium": "Medium",
    "physicsmod.enum.snowquality.high": "High",
	"physicsmod.menu.snow.grasssnowy": "Grass Snow",
	"physicsmod.menu.snow.grasssnowy.info": "Enable/Disable whether snowy grass blocks get replaced by actual snow",
	"physicsmod.menu.snow.warning": "Weak CPUs, too high chunk render distances or high snow quality might result in delayed snow tracks by entities and/or lag.",

"// Sounds":"",
	"physicsmod.menu.sound.title.main": "SOUNDS",
	"physicsmod.menu.sound.title.main.info": "Just some sound settings for the weather and block physics. Not too exciting.",
	"physicsmod.menu.sound.title": "Sound Settings",
	"physicsmod.menu.sound.soundvolume": "Physics Impact Volume",
	"physicsmod.menu.sound.soundvolume.info": "This is multiplied by the blocks volume in the main Minecraft sound settings.",
	"physicsmod.menu.sound.windvolume": "Wind Volume",
	"physicsmod.menu.sound.windvolume.info": "This is multiplied by the weather volume in the main Minecraft sound settings.",
	"physicsmod.menu.sound.oceansplashvolume": "Ocean Splash Volume",
	"physicsmod.menu.sound.oceansplashvolume.info": "This is multiplied by the ambient volume in the main Minecraft sound settings.",

"// Animations":"",
	"physicsmod.menu.animation.settings.title.main": "ANIMATIONS",
	"physicsmod.menu.animation.settings.title.main.info": "You want mobs blowing up into smoke? Go ahead and create your own despawn animations for blocks and mobs!",
	"physicsmod.menu.animation.settings.title": "Despawn Animation Settings",
	"physicsmod.menu.animation.replay": "REPLAY",
	"physicsmod.menu.animation.settings.reset": "Do you really want to reset your animations?",
	"physicsmod.menu.animation.add": "Create Animation",
	"physicsmod.menu.animation.add.title": "Create Animation (some particles can't be displayed in the menu)",
	"physicsmod.menu.animation.edit.title": "Edit Animation (some particles can't be displayed in the menu)",
        "// Animation editor/creator":"",
    "physicsmod.prop.animation.name": "Name",
	"physicsmod.prop.animation.curve": "Animation Curve",
	"physicsmod.prop.animation.length": "Animation Length",
	"physicsmod.enum.curve.linear": "Linear",
	"physicsmod.enum.curve.easein": "Ease in expo",
	"physicsmod.enum.curve.easeout": "Ease out expo",
	"physicsmod.enum.curve.bounce": "Bounce",
	"physicsmod.enum.curve.easeoutelastic": "Ease out elastic",
	"physicsmod.enum.curve.easeinbounce": "Ease in bounce",
    "physicsmod.prop.animation.despawntype": "Type",
	"physicsmod.enum.animation.shrink": "Shrink",
	"physicsmod.enum.animation.shrinkandvanish": "Shrink and Vanish",
	"physicsmod.enum.animation.vanish": "Vanish",
        "// Particles":"",
	"physicsmod.prop.animation.particlespawn": "Particle Spawn",
	"physicsmod.prop.animation.speed": "Despawn Speed",
	"physicsmod.prop.particle.type": "Type",
	"physicsmod.prop.particle.amount": "Amount",
	"physicsmod.prop.particle.spread": "Spread Radius",
	"physicsmod.prop.particle.spawnchance": "Spawn Chance",
	"physicsmod.prop.particle.velocityx": "Velocity X",
	"physicsmod.prop.particle.velocityy": "Velocity Y",
	"physicsmod.prop.particle.velocityz": "Velocity Z",
	"physicsmod.prop.particle.soundvolume": "Sound Volume",
	"physicsmod.prop.particle.sound": "Sound",
    
"// Smoke":"",
	"physicsmod.menu.smoke.title.main": "SMOKE",
	"physicsmod.menu.smoke.title.main.info": "Don't get stuck in a building without a chimney. It could get very smoky!",
	"physicsmod.menu.smoke.title.pro": "Smoke Settings",
	"physicsmod.menu.smoke.title": "Smoke Settings (PRO VERSION REQUIRED)",
	"physicsmod.menu.smoke.reset": "Do you really want to reset your smoke settings?",
	"physicsmod.menu.smoke.warning": "Not all shaders are compatible. Temporal Anti-Aliasing (TAA, shader setting) can cause visual artifacts so I suggest disabling it.",
	"physicsmod.menu.smoke.smokephysics": "Smoke Physics",
	"physicsmod.menu.smoke.smokephysicsrange": "Activation Distance",
	"physicsmod.menu.smoke.smokeparticlelimit": "Max. Particle Amount",
	"physicsmod.menu.smoke.shadow": "Shadow",
	"physicsmod.menu.smoke.shadow.title": "Select the shaderpack that you are using",
	"physicsmod.menu.smoke.shadow.info": "Set this to the shaderpack you are using (not all shaderpacks are supported but you can try different settings, it might work) for proper shadows.",
	"physicsmod.menu.smoke.smokedensity": "Smoke Density",
	"physicsmod.menu.smoke.particlelifetimesmoke": "Lifetime (Smoke)",
	"physicsmod.menu.smoke.particlelifetimevariancesmoke": "Lifetime Variance",
	"physicsmod.menu.smoke.particledespawntimesmoke": "Airtime (Smoke)",
	"physicsmod.menu.smoke.particledespawntimevariancesmoke": "Airtime Variance",
	"physicsmod.menu.smoke.particledespawntimesmoke.info": "The remaining time once the smoke hits open air and starts despawning.",
	"physicsmod.menu.smoke.emitter": "Smoke Amount",
	"physicsmod.menu.smoke.fire": "Fire",
	"physicsmod.menu.smoke.campfire": "Campfire",
	"physicsmod.menu.smoke.blaze": "Blaze",
	"physicsmod.menu.smoke.other": "Other",
	"physicsmod.menu.smoke.densecolor": "Dense Smoke Color",
	"physicsmod.menu.smoke.color": "Smoke Color",
	"physicsmod.menu.smoke.red": "Red",
	"physicsmod.menu.smoke.green": "Green",
	"physicsmod.menu.smoke.blue": "Blue",

"// Weather":"",
	"physicsmod.menu.weather.title.main": "WEATHER",
	"physicsmod.menu.weather.title.main.info": "Weather physics will apply wind to physics objects and turn all rain, snow and desert dust (NEW!) into particles also affected by wind forces!",
	"physicsmod.menu.weather.title": "Weather Settings",
	"physicsmod.menu.weather.windphysics": "Wind Forces",
	"physicsmod.menu.weather.particles": "Weather Particles",
	"physicsmod.menu.weather.particlesamountrain": "Rain Weather Particle Amount",
	"physicsmod.menu.weather.particlesamountrain.info": "Spawns X amount of particles per open air block. This has a high performance impact.",
	"physicsmod.menu.weather.particlesamountthunder": "Thunder Weather Particle Amount",
	"physicsmod.menu.weather.particlesamountthunder.info": "Spawns X amount of particles additionally to the rain amount per open air block. This has a high performance impact.",
	"physicsmod.menu.weather.strength": "Wind Strength",
	"physicsmod.menu.weather.clearstrength": "Clear Weather",
	"physicsmod.menu.weather.rainstrength": "Rainy Weather",
	"physicsmod.menu.weather.thunderstrength": "Thunder Weather",
	"physicsmod.menu.weather.rainstrength.info": "The total wind strength is calculated as follows: Clear Weather Strength + Rain Weather Strength (when it rains/thunders) + Thunder Weather Strength (when it thunders)",
	"physicsmod.menu.weather.opacity": "Particle Opacities",
	"physicsmod.menu.weather.rainopacity": "Rain",
	"physicsmod.menu.weather.snowopacity": "Snow",
	"physicsmod.menu.weather.dustopacity": "Dust",
	"physicsmod.menu.weather.opacity.info": "Existing particles in the world will not update to the new opacity setting. Please wait for new particles to spawn to see the updated opacity. Some shaders might ignore this setting.",
	"physicsmod.menu.weather.reset": "Do you really want to reset your weather settings?",

"// Collapse":"",
	"physicsmod.menu.collapse.title.main": "COLLAPSE",
	"physicsmod.menu.collapse.title.main.info": "CAREFUL! This could destroy your entire house. Whenever a block gets placed/destroyed it triggers a structure collapse.",
	"physicsmod.menu.collapse.title": "Collapse Settings",
	"physicsmod.menu.collapse.collapse": "Collapse Blocks",
	"physicsmod.menu.collapse.dropblocks": "Drop collapsed items",
	"physicsmod.menu.collapse.collapsespeed": "Collapse Speed (Ticks)",
	"physicsmod.menu.collapse.maxcollapseobjects": "Collapse Limit (Blocks)",
	
"// Keybindings":"",
	"physicsmod.keybinding.category": "Physics Mod",
	"physicsmod.keybinding.guiphysics": "GUI Physics",
	"physicsmod.keybinding.physicsmenu": "Physics Menu",
	"physicsmod.keybinding.togglephysics": "Toggle All Physics",
	"physicsmod.keybinding.debug": "Debug Overlay",

"// Credits":"",
	"physicsmod.menu.credits.title.main": "CREDITS",
	"physicsmod.credits": "Special thanks:\n\nShaders:\nShaders used in menu screenshots: Complementary Reimagined 1.3, Complementary 4.5\n\nTranslations:\nChinese: GameGeek-Saikel \\ Russian: xllifi \\ French: crazy, Parceval, ZippXD \\ Ukrainian: beefUFO \\ Spanish: Notimagination\n\nOther help:\nIris compatibility help: IMS"
}
