{
    "block.infinitybuttons.deepslate_button": "Deepslate Button",
    "block.infinitybuttons.granite_button": "Granite Button",
    "block.infinitybuttons.diorite_button": "Diorite Button",
    "block.infinitybuttons.andesite_button": "Andesite Button",
    "block.infinitybuttons.calcite_button": "Calcite Button",
    "block.infinitybuttons.tuff_button": "Tuff Button",
    "block.infinitybuttons.dripstone_button": "Dripstone Button",
    "block.infinitybuttons.copper_button": "Copper Button",
    "block.infinitybuttons.exposed_copper_button": "Exposed Copper Button",
    "block.infinitybuttons.weathered_copper_button": "Weathered Copper Button",
    "block.infinitybuttons.oxidized_copper_button": "Oxidized Copper Button",
    "block.infinitybuttons.sticky_copper_button": "Sticky Copper Button",
    "block.infinitybuttons.sticky_exposed_copper_button": "Sticky Exposed Copper Button",
    "block.infinitybuttons.sticky_weathered_copper_button": "Sticky Weathered Copper Button",
    "block.infinitybuttons.sticky_oxidized_copper_button": "Sticky Oxidized Copper Button",
    "block.infinitybuttons.iron_button": "Iron Button",
    "block.infinitybuttons.gold_button": "Gold Button",
    "block.infinitybuttons.emerald_button": "Emerald Button",
    "block.infinitybuttons.diamond_button": "Diamond Button",
    "block.infinitybuttons.prismarine_button": "Prismarine Button",
    "block.infinitybuttons.prismarine_brick_button": "Prismarine Brick Button",
    "block.infinitybuttons.dark_prismarine_button": "Dark Prismarine Button",
    "block.infinitybuttons.sand_button": "Sand Button",
    "block.infinitybuttons.red_sand_button": "Red Sand Button",
    "block.infinitybuttons.gravel_button": "Gravel Button",
    "block.infinitybuttons.white_concrete_powder_button": "White Concrete Powder Button",
    "block.infinitybuttons.light_gray_concrete_powder_button": "Light Gray Concrete Powder Button",
    "block.infinitybuttons.gray_concrete_powder_button": "Gray Concrete Powder Button",
    "block.infinitybuttons.black_concrete_powder_button": "Black Concrete Powder Button",
    "block.infinitybuttons.brown_concrete_powder_button": "Brown Concrete Powder Button",
    "block.infinitybuttons.red_concrete_powder_button": "Red Concrete Powder Button",
    "block.infinitybuttons.orange_concrete_powder_button": "Orange Concrete Powder Button",
    "block.infinitybuttons.yellow_concrete_powder_button": "Yellow Concrete Powder Button",
    "block.infinitybuttons.lime_concrete_powder_button": "Lime Concrete Powder Button",
    "block.infinitybuttons.green_concrete_powder_button": "Green Concrete Powder Button",
    "block.infinitybuttons.cyan_concrete_powder_button": "Cyan Concrete Powder Button",
    "block.infinitybuttons.light_blue_concrete_powder_button": "Light Blue Concrete Powder Button",
    "block.infinitybuttons.blue_concrete_powder_button": "Blue Concrete Powder Button",
    "block.infinitybuttons.purple_concrete_powder_button": "Purple Concrete Powder Button",
    "block.infinitybuttons.magenta_concrete_powder_button": "Magenta Concrete Powder Button",
    "block.infinitybuttons.pink_concrete_powder_button": "Pink Concrete Powder Button",

    "block.infinitybuttons.oak_large_button": "Oak Large Button",
    "block.infinitybuttons.spruce_large_button": "Spruce Large Button",
    "block.infinitybuttons.birch_large_button": "Birch Large Button",
    "block.infinitybuttons.jungle_large_button": "Jungle Large Button",
    "block.infinitybuttons.acacia_large_button": "Acacia Large Button",
    "block.infinitybuttons.dark_oak_large_button": "Dark Oak Large Button",
    "block.infinitybuttons.mangrove_large_button": "Mangrove Large Button",
    "block.infinitybuttons.crimson_large_button": "Crimson Large Button",
    "block.infinitybuttons.warped_large_button": "Warped Large Button",
    "block.infinitybuttons.stone_large_button": "Stone Large Button",
    "block.infinitybuttons.deepslate_large_button": "Deepslate Large Button",
    "block.infinitybuttons.granite_large_button": "Granite Large Button",
    "block.infinitybuttons.diorite_large_button": "Diorite Large Button",
    "block.infinitybuttons.andesite_large_button": "Andesite Large Button",
    "block.infinitybuttons.calcite_large_button": "Calcite Large Button",
    "block.infinitybuttons.tuff_large_button": "Tuff Large Button",
    "block.infinitybuttons.dripstone_large_button": "Dripstone Large Button",
    "block.infinitybuttons.polished_blackstone_large_button": "Polished Blackstone Large Button",
    "block.infinitybuttons.copper_large_button": "Copper Large Button",
    "block.infinitybuttons.exposed_copper_large_button": "Exposed Copper Large Button",
    "block.infinitybuttons.weathered_copper_large_button": "Weathered Copper Large Button",
    "block.infinitybuttons.oxidized_copper_large_button": "Oxidized Copper Large Button",
    "block.infinitybuttons.sticky_copper_large_button": "Sticky Copper Large Button",
    "block.infinitybuttons.sticky_exposed_copper_large_button": "Sticky Exposed Copper Large Button",
    "block.infinitybuttons.sticky_weathered_copper_large_button": "Sticky Weathered Copper Large Button",
    "block.infinitybuttons.sticky_oxidized_copper_large_button": "Sticky Oxidized Copper Large Button",
    "block.infinitybuttons.iron_large_button": "Iron Large Button",
    "block.infinitybuttons.gold_large_button": "Gold Large Button",
    "block.infinitybuttons.emerald_large_button": "Emerald Large Button",
    "block.infinitybuttons.diamond_large_button": "Diamond Large Button",
    "block.infinitybuttons.prismarine_large_button": "Prismarine Large Button",
    "block.infinitybuttons.prismarine_brick_large_button": "Prismarine Brick Large Button",
    "block.infinitybuttons.dark_prismarine_large_button": "Dark Prismarine Large Button",
    "block.infinitybuttons.sand_large_button": "Sand Large Button",
    "block.infinitybuttons.red_sand_large_button": "Red Sand Large Button",
    "block.infinitybuttons.gravel_large_button": "Gravel Large Button",
    "block.infinitybuttons.white_concrete_powder_large_button": "White Concrete Powder Large Button",
    "block.infinitybuttons.light_gray_concrete_powder_large_button": "Light Gray Concrete Powder Large Button",
    "block.infinitybuttons.gray_concrete_powder_large_button": "Gray Concrete Powder Large Button",
    "block.infinitybuttons.black_concrete_powder_large_button": "Black Concrete Powder Large Button",
    "block.infinitybuttons.brown_concrete_powder_large_button": "Brown Concrete Powder Large Button",
    "block.infinitybuttons.red_concrete_powder_large_button": "Red Concrete Powder Large Button",
    "block.infinitybuttons.orange_concrete_powder_large_button": "Orange Concrete Powder Large Button",
    "block.infinitybuttons.yellow_concrete_powder_large_button": "Yellow Concrete Powder Large Button",
    "block.infinitybuttons.lime_concrete_powder_large_button": "Lime Concrete Powder Large Button",
    "block.infinitybuttons.green_concrete_powder_large_button": "Green Concrete Powder Large Button",
    "block.infinitybuttons.cyan_concrete_powder_large_button": "Cyan Concrete Powder Large Button",
    "block.infinitybuttons.light_blue_concrete_powder_large_button": "Light Blue Concrete Powder Large Button",
    "block.infinitybuttons.blue_concrete_powder_large_button": "Blue Concrete Powder Large Button",
    "block.infinitybuttons.purple_concrete_powder_large_button": "Purple Concrete Powder Large Button",
    "block.infinitybuttons.magenta_concrete_powder_large_button": "Magenta Concrete Powder Large Button",
    "block.infinitybuttons.pink_concrete_powder_large_button": "Pink Concrete Powder Large Button",

    "block.infinitybuttons.white_emergency_button": "White Emergency Button",
    "block.infinitybuttons.light_gray_emergency_button": "Light Gray Emergency Button",
    "block.infinitybuttons.gray_emergency_button": "Gray Emergency Button",
    "block.infinitybuttons.black_emergency_button": "Black Emergency Button",
    "block.infinitybuttons.brown_emergency_button": "Brown Emergency Button",
    "block.infinitybuttons.red_emergency_button": "Red Emergency Button",
    "block.infinitybuttons.orange_emergency_button": "Orange Emergency Button",
    "block.infinitybuttons.yellow_emergency_button": "Yellow Emergency Button",
    "block.infinitybuttons.lime_emergency_button": "Lime Emergency Button",
    "block.infinitybuttons.green_emergency_button": "Green Emergency Button",
    "block.infinitybuttons.cyan_emergency_button": "Cyan Emergency Button",
    "block.infinitybuttons.light_blue_emergency_button": "Light Blue Emergency Button",
    "block.infinitybuttons.blue_emergency_button": "Blue Emergency Button",
    "block.infinitybuttons.purple_emergency_button": "Purple Emergency Button",
    "block.infinitybuttons.magenta_emergency_button": "Magenta Emergency Button",
    "block.infinitybuttons.pink_emergency_button": "Pink Emergency Button",
    "block.infinitybuttons.fancy_emergency_button": "\u00A7cF\u00A76a\u00A7en\u00A7ac\u00A7by \u00A79E\u00A7dm\u00A7ce\u00A76r\u00A7eg\u00A7ae\u00A7bn\u00A79c\u00A7dy \u00A7cB\u00A76u\u00A7et\u00A7at\u00A7bo\u00A79n",

    "block.infinitybuttons.white_safe_emergency_button": "White Safety Button",
    "block.infinitybuttons.light_gray_safe_emergency_button": "Light Gray Safety Button",
    "block.infinitybuttons.gray_safe_emergency_button": "Gray Safety Button",
    "block.infinitybuttons.black_safe_emergency_button": "Black Safety Button",
    "block.infinitybuttons.brown_safe_emergency_button": "Brown Safety Button",
    "block.infinitybuttons.red_safe_emergency_button": "Red Safety Button",
    "block.infinitybuttons.orange_safe_emergency_button": "Orange Safety Button",
    "block.infinitybuttons.yellow_safe_emergency_button": "Yellow Safety Button",
    "block.infinitybuttons.lime_safe_emergency_button": "Lime Safety Button",
    "block.infinitybuttons.green_safe_emergency_button": "Green Safety Button",
    "block.infinitybuttons.cyan_safe_emergency_button": "Cyan Safety Button",
    "block.infinitybuttons.light_blue_safe_emergency_button": "Light Blue Safety Button",
    "block.infinitybuttons.blue_safe_emergency_button": "Blue Safety Button",
    "block.infinitybuttons.purple_safe_emergency_button": "Purple Safety Button",
    "block.infinitybuttons.magenta_safe_emergency_button": "Magenta Safety Button",
    "block.infinitybuttons.pink_safe_emergency_button": "Pink Safety Button",
    "block.infinitybuttons.fancy_safe_emergency_button": "\u00A7cF\u00A76a\u00A7en\u00A7ac\u00A7by \u00A79S\u00A7da\u00A7cf\u00A76e\u00A7et\u00A7ay \u00A7bB\u00A79u\u00A7dt\u00A7ct\u00A76o\u00A7en",

    "block.infinitybuttons.bookshelf_secret_button": "Bookshelf Secret Button",
    "block.infinitybuttons.brick_secret_button": "Brick Secret Button",
    "block.infinitybuttons.stone_brick_secret_button": "Stone Brick Secret Button",
    "block.infinitybuttons.mossy_stone_brick_secret_button": "Mossy Stone Brick Secret Button",
    "block.infinitybuttons.cracked_stone_brick_secret_button": "Cracked Stone Brick Secret Button",
    "block.infinitybuttons.chiseled_stone_brick_secret_button": "Chiseled Stone Brick Secret Button",
    "block.infinitybuttons.deepslate_brick_secret_button": "Deepslate Brick Secret Button",
    "block.infinitybuttons.cracked_deepslate_brick_secret_button": "Cracked Deepslate Brick Secret Button",
    "block.infinitybuttons.deepslate_tile_secret_button": "Deepslate Tile Secret Button",
    "block.infinitybuttons.cracked_deepslate_tile_secret_button": "Cracked Deepslate Tile Secret Button",
    "block.infinitybuttons.oak_plank_secret_button": "Oak Plank Secret Button",
    "block.infinitybuttons.spruce_plank_secret_button": "Spruce Plank Secret Button",
    "block.infinitybuttons.birch_plank_secret_button": "Birch Plank Secret Button",
    "block.infinitybuttons.jungle_plank_secret_button": "Jungle Plank Secret Button",
    "block.infinitybuttons.acacia_plank_secret_button": "Acacia Plank Secret Button",
    "block.infinitybuttons.dark_oak_plank_secret_button": "Dark Oak Plank Secret Button",
    "block.infinitybuttons.mangrove_plank_secret_button": "Mangrove Plank Secret Button",
    "block.infinitybuttons.crimson_plank_secret_button": "Crimson Plank Secret Button",
    "block.infinitybuttons.warped_plank_secret_button": "Warped Plank Secret Button",
    "block.infinitybuttons.mud_brick_secret_button": "Mud Brick Secret Button",
    "block.infinitybuttons.end_stone_brick_secret_button": "End Stone Brick Secret Button",
    "block.infinitybuttons.quartz_brick_secret_button": "Quartz Brick Secret Button",
    "block.infinitybuttons.dark_prismarine_secret_button": "Dark Prismarine Secret Button",
    "block.infinitybuttons.polished_blackstone_brick_secret_button": "Polished Blackstone Brick Secret Button",
    "block.infinitybuttons.cracked_polished_blackstone_brick_secret_button": "Cracked Polished Blackstone Brick Secret Button",
    "block.infinitybuttons.chiseled_polished_blackstone_secret_button": "Chiseled Polished Blackstone Secret Button",
    "block.infinitybuttons.nether_brick_secret_button": "Nether Brick Secret Button",
    "block.infinitybuttons.cracked_nether_brick_secret_button": "Cracked Nether Brick Secret Button",
    "block.infinitybuttons.chiseled_nether_brick_secret_button": "Chiseled Nether Brick Secret Button",
    "block.infinitybuttons.red_nether_brick_secret_button": "Red Nether Brick Secret Button",

    "block.infinitybuttons.doorbell": "Doorbell",
    "block.infinitybuttons.doorbell_button": "Doorbell Button",
    "block.infinitybuttons.lamp_button": "Lamp Button",
    "block.infinitybuttons.lamp_lever": "Lamp Lever",

    "block.infinitybuttons.torch_button": "Torch Button",
    "block.infinitybuttons.torch_lever": "Torch Lever",
    "block.infinitybuttons.soul_torch_button": "Soul Torch Button",
    "block.infinitybuttons.soul_torch_lever": "Soul Torch Lever",
    "block.infinitybuttons.redstone_torch_button": "Redstone Torch Button",
    "block.infinitybuttons.redstone_torch_lever": "Redstone Torch Lever",

    "infinitybuttons.subtitle.alarm": "Alarm goes off",
    "infinitybuttons.subtitle.stone_scrape": "Stone scrapes",
    "infinitybuttons.subtitle.wood_scrape": "Wood scrapes",
    "infinitybuttons.subtitle.doorbell": "Ding dong",

    "infinitybuttons.tooltip.hold_shift": "[Hold Shift]",
    "infinitybuttons.tooltip.sticky_copper_button": "This button acts like a lever",
    "infinitybuttons.tooltip.emerald_button1": "This button stays pressed randomly",
    "infinitybuttons.tooltip.emerald_button2": "between 0.5 and 5 seconds",
    "infinitybuttons.tooltip.arrow_button": "This button can only be pressed with an arrow",
    "infinitybuttons.tooltip.diamond_button": "The biggest flex in the west",
    "infinitybuttons.tooltip.prismarine_button": "This button can be waterlogged",
    "infinitybuttons.tooltip.falling_button": "This button can only be pressed once",
    "infinitybuttons.tooltip.safe_emergency_button": "Sneak with an empty hand to open and close",
    "infinitybuttons.tooltip.doorbell_button": "This doorbell emits a redstone signal",

    "itemGroup.infinitybuttons.infinitybuttons": "Infinity Buttons",

    "infinitybuttons.actionbar.closed_safety_button": "Sneak with an empty hand to open and close",

    "text.config.infinity-buttons-config.option.alarmSound": "Alarm Sound",
    "text.config.infinity-buttons-config.option.alarmSound.tooltip": "Whether the Emergency Buttons will make an alarm sound",
    "text.config.infinity-buttons-config.option.tooltips": "Tooltips",
    "text.config.infinity-buttons-config.option.tooltips.tooltip": "Whether tooltips will show up",
    "text.config.infinity-buttons-config.option.diamondParticles": "Diamond Button Particles",
    "text.config.infinity-buttons-config.option.diamondParticles.tooltip": "Whether Diamond Buttons have particles around them",
    "text.config.infinity-buttons-config.title": "Infinity Buttons Config"
}
