{
  "block.thermal_extra.dragonsteel_block": "Dragonsteel Block",
  "block.thermal_extra.dragonsteel_glass": "Dragonsteel Glass",
  "block.thermal_extra.shellite_block": "Shellite Block",
  "block.thermal_extra.shellite_glass": "Shellite Glass",
  "block.thermal_extra.soul_infused_block": "Soul Infused Block",
  "block.thermal_extra.soul_infused_glass": "Soul Infused Glass",
  "block.thermal_extra.twinite_block": "Twinite Block",
  "block.thermal_extra.twinite_glass": "Twinite Glass",
  "fluid_type.thermal_extra.basalt": "Basalt",
  "fluid_type.thermal_extra.blitz": "Blitz",
  "fluid_type.thermal_extra.blizz": "Blizz",
  "fluid_type.thermal_extra.crystallized_sunflower_oil": "Crystallized Sunflower Oil",
  "fluid_type.thermal_extra.dragonsteel": "Molten Dragonsteel",
  "fluid_type.thermal_extra.icy_water": "Icy Water",
  "fluid_type.thermal_extra.refined_sunflower_oil": "Refined Sunflower Oil",
  "fluid_type.thermal_extra.shellite": "Molten Shellite",
  "fluid_type.thermal_extra.soul_infused": "Molten Soul Infused",
  "fluid_type.thermal_extra.sunflower_oil": "Sunflower Oil",
  "fluid_type.thermal_extra.twinite": "Molten Twinite",
  "item.thermal_extra.amethyst_dust": "Amethyst Dust",
  "item.thermal_extra.area_radius_augment_1": "Soul Infused Radial Enhancement",
  "item.thermal_extra.area_radius_augment_2": "Enderium Radial Enhancement",
  "item.thermal_extra.area_radius_augment_3": "Shellite Radial Enhancement",
  "item.thermal_extra.area_radius_augment_4": "Twinite Radial Enhancement",
  "item.thermal_extra.av_item_filter_augment": "Item Filter Augment Plus",
  "item.thermal_extra.crystallized_sunflower_oil_bucket": "Crystallized Sunflower Oil Bucket",
  "item.thermal_extra.dragonsteel_bucket": "Molten Dragonsteel Bucket",
  "item.thermal_extra.dragonsteel_coin": "Dragonsteel Coin",
  "item.thermal_extra.dragonsteel_dust": "Dragonsteel dust",
  "item.thermal_extra.dragonsteel_gear": "Dragonsteel Gear",
  "item.thermal_extra.dragonsteel_ingot": "Dragonsteel ingot",
  "item.thermal_extra.dragonsteel_nugget": "Dragonsteel nugget",
  "item.thermal_extra.dragonsteel_plate": "Dragonsteel Plate",
  "item.thermal_extra.dynamo_fuel_augment_1": "Soul Infused Multi Cycle Injectors",
  "item.thermal_extra.dynamo_fuel_augment_2": "Enderium Multi Cycle Injectors",
  "item.thermal_extra.dynamo_fuel_augment_3": "Shellite Multi Cycle Injectors",
  "item.thermal_extra.dynamo_fuel_augment_4": "Twinite Multi Cycle Injectors",
  "item.thermal_extra.dynamo_output_augment_1": "Soul Infused Auxiliary Reaction Chamber",
  "item.thermal_extra.dynamo_output_augment_2": "Enderium Auxiliary Reaction Chamber",
  "item.thermal_extra.dynamo_output_augment_3": "Shellite Auxiliary Reaction Chamber",
  "item.thermal_extra.dynamo_output_augment_4": "Twinite Auxiliary Reaction Chamber",
  "item.thermal_extra.fluid_tank_augment_1": "Soul Infused Expanded Tank Construction",
  "item.thermal_extra.fluid_tank_augment_2": "Enderium Expanded Tank Construction",
  "item.thermal_extra.fluid_tank_augment_3": "Shellite Expanded Tank Construction",
  "item.thermal_extra.fluid_tank_augment_4": "Twinite Expanded Tank Construction",
  "item.thermal_extra.fluid_tank_augment_5": "Dragonsteel Expanded Tank Construction",
  "item.thermal_extra.fluid_tank_augment_6": "Dragonsteel-Infused Expanded Tank Construction",
  "item.thermal_extra.machine_catalyst_augment_1": "Soul Infused Catalytic Relamation Chamber",
  "item.thermal_extra.machine_catalyst_augment_2": "Enderium Catalytic Relamation Chamber",
  "item.thermal_extra.machine_catalyst_augment_3": "Shellite Catalytic Relamation Chamber",
  "item.thermal_extra.machine_efficiency_augment_1": "Soul Infused Flux Efficiency",
  "item.thermal_extra.machine_efficiency_augment_2": "Enderium Flux Efficiency",
  "item.thermal_extra.machine_efficiency_augment_3": "Shellite Flux Efficiency",
  "item.thermal_extra.machine_efficiency_augment_4": "Twinite Flux Efficiency",
  "item.thermal_extra.machine_output_augment_1": "Soul Infused Auxiliary Process Sieve",
  "item.thermal_extra.machine_output_augment_2": "Enderium Auxiliary Process Sieve",
  "item.thermal_extra.machine_output_augment_3": "Shellite Auxiliary Process Sieve",
  "item.thermal_extra.machine_speed_augment_1": "Soul Infused Flux Linkage Amplifier",
  "item.thermal_extra.machine_speed_augment_2": "Enderium Flux Linkage Amplifier",
  "item.thermal_extra.machine_speed_augment_3": "Shellite Flux Linkage Amplifier",
  "item.thermal_extra.machine_speed_augment_4": "Twinite Flux Linkage Amplifier",
  "item.thermal_extra.potion_amplifier_augment_1": "Soul Infused Alchemical Amplifier",
  "item.thermal_extra.potion_amplifier_augment_2": "Enderium Alchemical Amplifier",
  "item.thermal_extra.potion_amplifier_augment_3": "Shellite Alchemical Amplifier",
  "item.thermal_extra.potion_amplifier_augment_4": "Twinite Alchemical Amplifier",
  "item.thermal_extra.potion_amplifier_augment_5": "Dragonsteel Alchemical Amplifier",
  "item.thermal_extra.potion_duration_augment_1": "Soul Infused Alchemical Extender",
  "item.thermal_extra.potion_duration_augment_2": "Enderium Alchemical Extender",
  "item.thermal_extra.potion_duration_augment_3": "Shellite Alchemical Extender",
  "item.thermal_extra.potion_duration_augment_4": "Twinite Alchemical Extender",
  "item.thermal_extra.potion_duration_augment_5": "Dragonsteel Alchemical Extender",
  "item.thermal_extra.refined_sunflower_oil_bucket": "Refined Sunflower Oil Bucket",
  "item.thermal_extra.rf_coil_augment_1": "Soul Infused Expanded RF Coil",
  "item.thermal_extra.rf_coil_augment_2": "Enderium Expanded RF Coil",
  "item.thermal_extra.rf_coil_augment_3": "Shellite Expanded RF Coil",
  "item.thermal_extra.rf_coil_augment_4": "Twinite Expanded RF Coil",
  "item.thermal_extra.rf_coil_augment_5": "Dragonsteel Expanded RF Coil",
  "item.thermal_extra.rf_coil_storage_augment_1": "Soul Infused Stabilized RF Coil",
  "item.thermal_extra.rf_coil_storage_augment_2": "Enderium Stabilized RF Coil",
  "item.thermal_extra.rf_coil_storage_augment_3": "Shellite Stabilized RF Coil",
  "item.thermal_extra.rf_coil_storage_augment_4": "Twinite Stabilized RF Coil",
  "item.thermal_extra.rf_coil_storage_augment_5": "Dragonsteel Stabilized RF Coil",
  "item.thermal_extra.rf_coil_xfer_augment_1": "Soul Infused High-Flux RF Coil",
  "item.thermal_extra.rf_coil_xfer_augment_2": "Enderium High-Flux RF Coil",
  "item.thermal_extra.rf_coil_xfer_augment_3": "Shellite High-Flux RF Coil",
  "item.thermal_extra.rf_coil_xfer_augment_4": "Twinite High-Flux RF Coil",
  "item.thermal_extra.rf_coil_xfer_augment_5": "Dragonsteel High-Flux RF Coil",
  "item.thermal_extra.shellite_bucket": "Molten Shellite Bucket",
  "item.thermal_extra.shellite_coin": "Shellite Coin",
  "item.thermal_extra.shellite_dust": "Shellite dust",
  "item.thermal_extra.shellite_gear": "Shellite Gear",
  "item.thermal_extra.shellite_ingot": "Shellite ingot",
  "item.thermal_extra.shellite_nugget": "Shellite nugget",
  "item.thermal_extra.shellite_plate": "Shellite Plate",
  "item.thermal_extra.soul_infused_bucket": "Molten Soul Infused Bucket",
  "item.thermal_extra.soul_infused_coin": "Soul Infused Coin",
  "item.thermal_extra.soul_infused_dust": "Soul Infused dust",
  "item.thermal_extra.soul_infused_gear": "Soul Infused Gear",
  "item.thermal_extra.soul_infused_ingot": "Soul Infused ingot",
  "item.thermal_extra.soul_infused_nugget": "Soul Infused nugget",
  "item.thermal_extra.soul_infused_plate": "Soul Infused Plate",
  "item.thermal_extra.soul_sand_dust": "Soul Sand Dust",
  "item.thermal_extra.sticky_ball": "Sticky Ball",
  "item.thermal_extra.sunflower_oil_bucket": "Sunflower Oil Bucket",
  "item.thermal_extra.twinite_bucket": "Molten Twinite Bucket",
  "item.thermal_extra.twinite_coin": "Twinite Coin",
  "item.thermal_extra.twinite_dust": "Twinite dust",
  "item.thermal_extra.twinite_gear": "Twinite Gear",
  "item.thermal_extra.twinite_ingot": "Twinite ingot",
  "item.thermal_extra.twinite_nugget": "Twinite nugget",
  "item.thermal_extra.twinite_plate": "Twinite Plate",
  "item.thermal_extra.upgrade_augment": "Draconic Integral Component",
  "itemGroup.thermal_extra.augments": "Thermal Extra: Augments",
  "itemGroup.thermal_extra.blocks": "Thermal Extra: Blocks",
  "itemGroup.thermal_extra.resources": "Thermal Extra: Resources",
  "thermal_extra.augment.upgrade": "Improves base attributes. Other augments may be more effective as a result."
}