{
  "block.rottencreatures.tnt_barrel": "TNT Barrel",
  "effect.rottencreatures.channelled": "Channelled",
  "effect.rottencreatures.freeze": "Freeze",
  "entity.rottencreatures.burned": "Burned",
  "entity.rottencreatures.dead_beard": "Dead Beard",
  "entity.rottencreatures.flying_scarab": "Flying Scarab",
  "entity.rottencreatures.frostbitten": "Frostbitten",
  "entity.rottencreatures.glacial_hunter": "Glacial Hunter",
  "entity.rottencreatures.hunter_wolf": "Hunter's Wolf",
  "entity.rottencreatures.immortal": "Immortal",
  "entity.rottencreatures.mummy": "Mummy",
  "entity.rottencreatures.primed_tnt_barrel": "Primed TNT Barrel",
  "entity.rottencreatures.scarab": "Scarab",
  "entity.rottencreatures.skeleton_lackey": "Skeleton Lackey",
  "entity.rottencreatures.swampy": "Swampy",
  "entity.rottencreatures.treasure_chest": "Treasure Chest",
  "entity.rottencreatures.undead_miner": "Undead Miner",
  "entity.rottencreatures.zap": "Zap",
  "entity.rottencreatures.zombie_lackey": "Zombie Lackey",
  "item.minecraft.lingering_potion.effect.corrupted": "Corrupted Lingering Potion",
  "item.minecraft.lingering_potion.effect.freeze": "Lingering Potion of Freeze",
  "item.minecraft.lingering_potion.effect.long_freeze": "Lingering Potion of Freeze",
  "item.minecraft.lingering_potion.effect.strong_freeze": "Lingering Potion of Freeze",
  "item.minecraft.potion.effect.corrupted": "Corrupted Potion",
  "item.minecraft.potion.effect.freeze": "Potion of Freeze",
  "item.minecraft.potion.effect.long_freeze": "Potion of Freeze",
  "item.minecraft.potion.effect.strong_freeze": "Potion of Freeze",
  "item.minecraft.splash_potion.effect.corrupted": "Corrupted Splash Potion",
  "item.minecraft.splash_potion.effect.freeze": "Splash Potion of Freeze",
  "item.minecraft.splash_potion.effect.long_freeze": "Splash Potion of Freeze",
  "item.minecraft.splash_potion.effect.strong_freeze": "Splash Potion of Freeze",
  "item.minecraft.tipped_arrow.effect.freeze": "Arrow of Freeze",
  "item.minecraft.tipped_arrow.effect.long_freeze": "Arrow of Freeze",
  "item.minecraft.tipped_arrow.effect.strong_freeze": "Arrow of Freeze",
  "item.rottencreatures.burned_spawn_egg": "Burned Spawn Egg",
  "item.rottencreatures.corrupted_wart": "Corrupted Wart",
  "item.rottencreatures.dead_beard_spawn_egg": "Dead Beard Spawn Egg",
  "item.rottencreatures.frostbitten_spawn_egg": "Frostbitten Spawn Egg",
  "item.rottencreatures.frozen_rotten_flesh": "Frozen Rotten Flesh",
  "item.rottencreatures.glacial_hunter_spawn_egg": "Glacial Hunter Spawn Egg",
  "item.rottencreatures.immortal_spawn_egg": "Immortal Spawn Egg",
  "item.rottencreatures.magma_rotten_flesh": "Magma Rotten Flesh",
  "item.rottencreatures.mummy_spawn_egg": "Mummy Spawn Egg",
  "item.rottencreatures.spear": "Spear",
  "item.rottencreatures.swampy_spawn_egg": "Swampy Spawn Egg",
  "item.rottencreatures.treasure_chest": "Treasure Chest",
  "item.rottencreatures.undead_miner_spawn_egg": "Undead Miner Spawn Egg",
  "itemGroup.rottencreatures.rottencreatures": "Rotten Creatures",
  "text.autoconfig.rottencreatures.option.mobSpawns": "Mob Spawns",
  "text.autoconfig.rottencreatures.option.mobSpawns.burned_weight": "Burned Weight",
  "text.autoconfig.rottencreatures.option.mobSpawns.dead_beard_weight": "Dead Beard Weight",
  "text.autoconfig.rottencreatures.option.mobSpawns.frostbitten_weight": "Frostbitten Weight",
  "text.autoconfig.rottencreatures.option.mobSpawns.glacial_hunter_weight": "Glacial Hunter Weight",
  "text.autoconfig.rottencreatures.option.mobSpawns.immortal_chance": "Immortal Chance",
  "text.autoconfig.rottencreatures.option.mobSpawns.mummy_weight": "Mummy Weight",
  "text.autoconfig.rottencreatures.option.mobSpawns.swampy_weight": "Swampy Weight",
  "text.autoconfig.rottencreatures.option.mobSpawns.undead_miner_weight": "Undead Miner Weight"
}