{
  "item.bmfarming.yam": "Yam",
  "item.bmfarming.chili": "Chili",
  "item.bmfarming.corn_seeds": "Corn Seeds",
  "block.bmfarming.rasberry_bush": "Raspberry Bush",
  "item.beyondfarming.strawberry": "Strawberries",
  "item.beyondfarming.chili": "Chili",
  "item.beyondfarming.cherry": "Cherry",
  "subtitles.block.big_dripleaf.tilt_up": "Dripleaf tilts up",
  "item.bmaddon.corn_salad": "Corn Salad",
  "item.beyondfarming.barley_bread": "Barley Bread",
  "block.beyondmines_armor.sheepterium_ore": "Sheepterium Ore",
  "block.beyondmines_armor.mementorium_block": "Mementorium Block",
  "item.bmaddon.carrot_soup": "Carrot Soup",
  "block.beyondmines_armor.mementoriumslab": "Mementorium Slab",
  "block.bmfarming.pepper_plant_1": "Pepper Plant Stage 1",
  "block.bmfarming.pepper_plant_2": "Pepper Plant Stage 2",
  "item.beyondfarming.blueberry_pie": "Blueberry Pie",
  "block.bmfarming.pepper_plant_0": "Pepper Plant Stage 0",
  "item.beyondfarming.eggplant_parmesan": "Eggplant Parmesan",
  "block.bmfarming.pepper_plant_3": "Pepper Plant Stage 3",
  "item.beyondfarming.cassava_seeds": "Cassava Seeds",
  "item.beyondfarming.spinach_seeds": "Spinach Seeds",
  "item.beyondfarming.pad_thai": "Pad Thai",
  "item.bmfarming.pickled_beetroot": "Pickled Beetroot",
  "advancements.gathering_triclassium.descr": "Mines Triclassium",
  "item.bmfarming.onion_soup": "Onion Soup",
  "block.bmfarming.oat_plant_2": "Oat Plant Stage",
  "block.bmfarming.oat_plant_1": "Oat Plant Stage 1",
  "block.bmfarming.oat_plant_0": "Oat Plant Stage 0",
  "block.bmfarming.oat_plant_6": "Oat Plant Stage 6",
  "block.bmaddon.sorghum_plant_7_upper": "Sorghum Plant Stage 7 Upper",
  "block.bmfarming.oat_plant_5": "Oat Plant Stage 5",
  "block.bmfarming.oat_plant_4": "Oat Plant Stage 4",
  "block.bmfarming.oat_plant_3": "Oat Plant Stage 3",
  "item.bmaddon.onion_soup": "Onion Soup",
  "block.bmfarming.oat_plant_7": "Oat Plant Stage 7",
  "item.beyondfarming.kenaf_fiber": "Kenaf Fiber",
  "block.bmfarming.broccoli_plant_0": "Broccoli Plant Stage 0",
  "block.bmfarming.broccoli_plant_1": "Broccoli Plant Stage 1",
  "block.bmfarming.broccoli_plant_2": "Broccoli Plant Stage 2",
  "subtitles.mysticalfreestyle": "Mystical Freestyle",
  "block.bmfarming.broccoli_plant_3": "Broccoli Plant Stage 3",
  "advancements.mementoa_leggings.descr": "First Mementoa Leggings!",
  "block.bmaddon.yam_plant_3": "Yam Plant Stage 3",
  "block.bmaddon.yam_plant_2": "Yam Plant Stage 2",
  "block.bmaddon.yam_plant_1": "Yam Plant Stage 1",
  "block.bmaddon.yam_plant_0": "Yam Plant Stage 0",
  "item.beyondmines_armor.triclassiumtools_shovel": "Triclassium Shovel",
  "block.bmaddon.rice_plant_4": "Rice Plant Stage 4",
  "block.bmaddon.rice_plant_5": "Rice Plant Stage 5",
  "item.bmaddon.broccoli_cheese_soup": "Broccoli Cheese Soup",
  "block.bmaddon.rice_plant_6": "Rice Plant Stage 6",
  "block.bmaddon.rice_plant_7": "Rice Plant Stage 7",
  "block.bmaddon.rice_plant_0": "Rice Plant Stage 0",
  "block.bmaddon.rice_plant_1": "Rice Plant Stage 1",
  "block.bmaddon.rice_plant_2": "Rice Plant Stage 2",
  "block.bmaddon.rice_plant_3": "Rice Plant Stage 3",
  "item.bmaddon.kenaf_seeds": "Kenaf Seeds",
  "item.bmfarming.corn_salad": "Corn Salad",
  "item.beyondfarming.rye": "Rye",
  "item.bmfarming.pepper_seeds": "Pepper Seeds",
  "item.beyondmines_armor.haft": "Haft",
  "block.beyondfarming.kenaf_plant_7_upper": "Kenaf Plant Stage 7 Upper",
  "item.bmfarming.pumpkin_pie": "Pumpkin Pie",
  "item.bmfarming.tofu_scramble": "Tofu Scramble",
  "subtitles.block.calcite.break": "Block broken",
  "block.beyondfarming.corn_plant_0": "Corn Plant Stage 0",
  "item.bmaddon.hamburger": "Hamburger",
  "item.bmfarming.tomato_soup": "Tomato Soup",
  "block.beyondfarming.corn_plant_4": "Corn Plant Stage 4",
  "block.beyondfarming.corn_plant_3": "Corn Plant Stage 3",
  "block.beyondfarming.corn_plant_2": "Corn Plant Stage 2",
  "block.beyondfarming.corn_plant_1": "Corn Plant Stage 1",
  "item.bmaddon.pasta": "Pasta",
  "item.beyondfarming.ginger": "Ginger",
  "block.beyondfarming.corn_plant_7": "Corn Plant Stage 7",
  "block.beyondfarming.corn_plant_6": "Corn Plant Stage 6",
  "block.beyondfarming.corn_plant_5": "Rye Plant Stage 5",
  "item.bmaddon.corn_seeds": "Corn Seeds",
  "subtitles.block.calcite.step": "Footsteps",
  "item.bmaddon.cassava": "Cassava",
  "item.beyondmines_armor.mementoriumtools_axe": "Mementoria Axe",
  "item.bmfarming.baked_yam": "Baked Yam",
  "item.bmaddon.pepper_seeds": "Pepper Seeds",
  "block.bmaddon.orange_sapling": "Orange Sapling",
  "item.bmfarming.onion_seed": "Onion Seeds",
  "item.beyondfarming.spinach_quinoa_quiche": "Spinach Quinoa Quiche",
  "item.bmfarming.sorghum_bread": "Sorghum Bread",
  "subtitles.block.calcite.place": "Block placed",
  "block.bmfarming.cherry_leaves_empty": "Cherry Leaves Empty",
  "block.bmfarming.cheese_block": "Wheel of Cheese",
  "item.bmaddon.curry_powder": "Curry Powder",
  "item.beyondmines_armor.triclas_leggings": "Triclas Leggings",
  "subtitles.amethyst_cluster.break": "Block broken",
  "item.bmaddon.apple_pie": "Apple Pie",
  "advancements.mementoa_chestplate.title": "Mementoa Revolution!",
  "advancements.triclas_boots.title": "Triclas Armor",
  "block.bmaddon.oat_plant_2": "Oat Plant Stage",
  "item.bmfarming.pasta": "Pasta",
  "block.bmaddon.oat_plant_1": "Oat Plant Stage 1",
  "item.bmaddon.noodles": "Noodles",
  "block.bmaddon.oat_plant_0": "Oat Plant Stage 0",
  "item.beyondfarming.blt_sandwich": "BLT Sandwich",
  "subtitles.block.big_dripleaf.step": "Footsteps",
  "block.bmaddon.oat_plant_7": "Oat Plant Stage 7",
  "block.bmaddon.oat_plant_6": "Oat Plant Stage 6",
  "item.bmaddon.cotton_seeds": "Cotton Seeds",
  "block.bmaddon.oat_plant_5": "Oat Plant Stage 5",
  "block.beyondfarming.rye_plant_7": "Rye Plant Stage 7",
  "block.bmaddon.oat_plant_4": "Oat Plant Stage 4",
  "block.bmaddon.oat_plant_3": "Oat Plant Stage 3",
  "block.beyondfarming.rye_plant_4": "Rye Plant Stage 4",
  "block.beyondfarming.rye_plant_3": "Rye Plant Stage 3",
  "block.beyondfarming.rye_plant_6": "Rye Plant Stage 6",
  "block.beyondfarming.rye_plant_5": "Rye Plant Stage 5",
  "item.bmfarming.chicken_parmesan": "Chicken Parmesan",
  "item.bmfarming.lettuce_seeds": "Lettuce Seeds",
  "block.beyondfarming.peanut_plant_1": "Peanut Plant Stage 1",
  "block.beyondfarming.rye_plant_0": "Rye Plant Stage 0",
  "block.beyondfarming.peanut_plant_0": "Peanut Plant Stage 0",
  "item.beyondmines_armor.pranktoria_helmet": "Pranktoria Helmet",
  "block.beyondfarming.peanut_plant_3": "Lettuce Plant Stage 3",
  "block.beyondfarming.rye_plant_2": "Rye Plant Stage 2",
  "block.beyondfarming.peanut_plant_2": "Peanut Plant Stage 2",
  "block.beyondfarming.rye_plant_1": "Rye Plant Stage 1",
  "item.beyondfarming.cheese_slice": "Cheese Slice",
  "item.beyondfarming.baked_yam": "Baked Yam",
  "item.beyondfarming.sweet_potato": "Sweet Potato",
  "item.bmfarming.potato_knish": "Potato Knish",
  "block.bmfarming.sorghum_plant_7_upper": "Sorghum Plant Stage 7 Upper",
  "item.beyondmines_armor.sheepteriumarmor_boots": "Sheepterium Boots",
  "block.beyondfarming.cheese_block": "Wheel of Cheese",
  "block.beyondfarming.ginger_plant_3": "Ginger Plant Stage 3",
  "item.beyondfarming.broccoli_cheese_soup": "Broccoli Cheese Soup",
  "block.beyondfarming.ginger_plant_4": "Ginger Plant Stage 3",
  "item.bmaddon.onion_seed": "Onion Seeds",
  "block.beyondfarming.ginger_plant_1": "Ginger Plant Stage 1",
  "block.beyondfarming.ginger_plant_2": "Ginger Plant Stage 2",
  "item.bmfarming.turnip_seeds": "Turnip Seeds",
  "block.beyondfarming.ginger_plant_7": "Ginger Plant Stage 7",
  "item.bmaddon.spaghetti": "Spaghetti",
  "block.beyondfarming.ginger_plant_5": "Ginger Plant Stage 5",
  "block.beyondfarming.ginger_plant_6": "Ginger Plant Stage 6",
  "block.bmaddon.corn_plant_6": "Corn Plant Stage 6",
  "block.bmaddon.orange_log_leaves": "Orange Log with Leaves",
  "block.bmaddon.corn_plant_5": "Rye Plant Stage 5",
  "block.bmaddon.corn_plant_7": "Corn Plant Stage 7",
  "block.bmaddon.corn_plant_2": "Corn Plant Stage 2",
  "block.bmaddon.corn_plant_1": "Corn Plant Stage 1",
  "item.bmaddon.baked_yam": "Baked Yam",
  "block.beyondfarming.ginger_plant_0": "Ginger Plant Stage 0",
  "item.beyondmines_armor.mementoa_boots": "Mementoria Boots",
  "block.bmaddon.corn_plant_4": "Corn Plant Stage 4",
  "block.bmaddon.corn_plant_3": "Corn Plant Stage 3",
  "block.bmaddon.corn_plant_0": "Corn Plant Stage 0",
  "block.bmaddon.radish_plant_3": "Radish Plant Stage 3",
  "block.bmaddon.radish_plant_2": "Radish Plant Stage 2",
  "block.bmaddon.radish_plant_1": "Radish Plant Stage 1",
  "block.bmaddon.radish_plant_0": "Radish Plant Stage 0",
  "block.beyondfarming.blackberry_bush_empty": "Blackberry Bush Empty",
  "item.bmfarming.raw_bacon": "Raw Bacon",
  "item.beyondmines_armor.sheepterium_tools_sword": "SheepteriumTools Sword",
  "block.bmfarming.bush": "Bush",
  "item.bmfarming.blueberry": "Blueberries",
  "subtitles.amethyst.break": "Block broken",
  "block.bmaddon.cucumber_plant_7": "Cucumber Plant Stage 7",
  "block.bmaddon.cucumber_plant_5": "Cucumber Plant Stage 5",
  "block.bmaddon.cucumber_plant_6": "Cucumber Plant Stage 6",
  "block.bmaddon.cucumber_plant_3": "Cucumber Plant Stage 3",
  "block.bmaddon.cucumber_plant_4": "Cucumber Plant Stage 4",
  "item.beyondfarming.noodles": "Noodles",
  "block.bmfarming.kenaf_plant_5": "Kenaf Plant Stage 5",
  "block.bmfarming.kenaf_plant_4": "Kenaf Plant Stage 4",
  "block.bmfarming.kenaf_plant_7": "Kenaf Plant Stage 7",
  "item.beyondfarming.eggplant": "Eggplant",
  "block.bmfarming.kenaf_plant_6": "Kenaf Plant Stage 6",
  "block.bmfarming.kenaf_plant_1": "Kenaf Plant Stage 1",
  "item.beyondfarming.cassava_cake": "Cassava Cake",
  "block.bmfarming.kenaf_plant_0": "Kenaf Plant Stage 0",
  "item.bmaddon.cumin_seeds": "Cumin Seeds",
  "block.bmfarming.kenaf_plant_3": "Kenaf Plant Stage 3",
  "block.bmfarming.kenaf_plant_2": "Kenaf Plant Stage 2",
  "item.bmfarming.sweet_potato_seeds": "Sweet Potato Seeds",
  "subtitles.block.amethyst_block.chime": "Amethyst chimes",
  "item.bmaddon.strawberry_pie": "Strawberry Pie",
  "item.beyondfarming.turnip": "Turnip",
  "item.bmfarming.ginger": "Ginger",
  "advancements.gathering_mementorium.title": "Better than Netherite!",
  "item.beyondfarming.pasta": "Pasta",
  "item.beyondfarming.blueberry": "Blueberries",
  "item.beyondmines_armor.sheepteriumring": "Sheepterium Ring",
  "subtitles.block.amethyst.place": "subtitles.block.generic.place",
  "item.bmfarming.spinach_mushroom_quiche": "Spinach Mushroom Quiche",
  "advancements.upgrade_netherite.title": "Upgrade Netherite!",
  "item.bmfarming.cotton_seeds": "Cotton Seeds",
  "item.beyondfarming.smoothie": "Smoothie",
  "item.bmfarming.spaghetti": "Spaghetti",
  "item.beyondfarming.cumin_seeds": "Cumin Seeds",
  "block.bmaddon.thin_log_leaves": "Thin Log with Leaves",
  "advancements.bulletspeed.descr": "Acquired End Stone",
  "itemGroup.tabbeyond_food": "Beyond Farming",
  "block.bmaddon.lettuce_plant_3": "Lettuce Plant Stage 3",
  "block.beyondfarming.blueberry_bush_empty": "Blueberry Bush Empty",
  "subtitles.calcite.step": "Footsteps",
  "block.bmaddon.lettuce_plant_0": "Lettuce Plant Stage 0",
  "item.beyondmines_armor.blume": "Blume",
  "block.bmaddon.lettuce_plant_2": "Lettuce Plant Stage 2",
  "block.bmaddon.lettuce_plant_1": "Lettuce Plant Stage 1",
  "block.bmaddon.cucumber_plant_1": "Cucumber Plant Stage 1",
  "block.bmaddon.cucumber_plant_2": "Cucumber Plant Stage 2",
  "item.bmfarming.cherry": "Cherry",
  "block.bmaddon.cucumber_plant_0": "Cucumber Plant Stage 0",
  "item.bmfarming.eggplant_parmesan": "Eggplant Parmesan",
  "item.beyondmines_armor.ringofescaping": "Ring of Escaping",
  "block.beyondfarming.cucumber_plant_3": "Cucumber Plant Stage 3",
  "block.beyondfarming.cucumber_plant_4": "Cucumber Plant Stage 4",
  "block.beyondfarming.cucumber_plant_5": "Cucumber Plant Stage 5",
  "block.beyondfarming.cucumber_plant_6": "Cucumber Plant Stage 6",
  "block.beyondfarming.cucumber_plant_7": "Cucumber Plant Stage 7",
  "block.bmaddon.cheese_block": "Wheel of Cheese",
  "item.beyondmines_armor.mementoa_helmet": "Mementoria Helmet",
  "item.bmaddon.eggplant_parmesan": "Eggplant Parmesan",
  "block.beyondfarming.cucumber_plant_0": "Cucumber Plant Stage 0",
  "block.beyondfarming.cucumber_plant_1": "Cucumber Plant Stage 1",
  "block.beyondfarming.cucumber_plant_2": "Cucumber Plant Stage 2",
  "item.beyondmines_armor.sheepterium_tools_shovel": "Sheepterium Shovel",
  "item.bmaddon.sausage_barley_soup": "Sausage Barley Soup",
  "item.beyondmines_armor.pranktoria_leggings": "Pranktoria Leggings",
  "block.bmaddon.kenaf_plant_1": "Kenaf Plant Stage 1",
  "block.bmaddon.kenaf_plant_0": "Kenaf Plant Stage 0",
  "block.bmaddon.kenaf_plant_3": "Kenaf Plant Stage 3",
  "block.bmaddon.kenaf_plant_2": "Kenaf Plant Stage 2",
  "block.bmfarming.cherry_leaves": "Cherry Leaves",
  "item.bmfarming.pulled_pork_sandwich": "Pulled Pork Sandwich",
  "subtitles.block/cave_vines.break": "Block broken",
  "item.beyondfarming.cucumber": "Cucumber",
  "item.bmfarming.raw_sausage": "Raw Sausage",
  "item.bmfarming.sausage_barley_soup": "Sausage Barley Soup",
  "item.bmfarming.hamburger": "Hamburger",
  "item.bmaddon.turnip_seeds": "Turnip Seeds",
  "block.bmfarming.cotton_plant_1": "Cotton Plant Stage 1",
  "item.bmaddon.borscht": "Borscht",
  "block.bmfarming.cotton_plant_0": "Cotton Plant Stage 0",
  "block.bmfarming.cotton_plant_5": "Cotton Plant Stage 5",
  "block.bmfarming.cotton_plant_4": "Cotton Plant Stage 3",
  "block.bmfarming.cotton_plant_3": "Cotton Plant Stage 3",
  "block.bmfarming.cotton_plant_2": "Cotton Plant Stage 2",
  "block.bmfarming.cotton_plant_7": "Cotton Plant Stage 7",
  "block.bmfarming.cotton_plant_6": "Cotton Plant Stage 6",
  "block.bmaddon.sorghum_plant_2": "Sorghum Plant Stage 2",
  "block.beyondfarming.cherry_leaves": "Cherry Leaves",
  "block.bmaddon.sorghum_plant_3": "Sorghum Plant Stage 3",
  "block.bmaddon.sorghum_plant_4": "Sorghum Plant Stage 4",
  "item.beyondfarming.hamburger": "Hamburger",
  "block.bmaddon.sorghum_plant_5": "Sorghum Plant Stage 5",
  "block.bmaddon.sorghum_plant_0": "Sorghum Plant Stage 0",
  "block.bmaddon.sorghum_plant_1": "Sorghum Plant Stage 1",
  "item.bmaddon.pepper": "Pepper",
  "block.bmaddon.turnip_plant_0": "Turnip Plant Stage 0",
  "item.bmfarming.rye": "Rye",
  "item.bmfarming.kenaf_seeds": "Kenaf Seeds",
  "block.bmaddon.sorghum_plant_6": "Sorghum Plant Stage 6",
  "block.bmaddon.turnip_plant_3": "Turnip Plant Stage 3",
  "block.bmaddon.sorghum_plant_7": "Kenaf Plant Stage 7",
  "block.bmaddon.turnip_plant_1": "Turnip Plant Stage 1",
  "block.bmaddon.turnip_plant_2": "Turnip Plant Stage 2",
  "item.beyondfarming.veggie_burger": "Veggie Burger",
  "item.bmfarming.ginger_seeds": "Ginger Seeds",
  "block.bmaddon.kenaf_plant_5": "Kenaf Plant Stage 5",
  "block.bmaddon.kenaf_plant_4": "Kenaf Plant Stage 4",
  "block.bmaddon.kenaf_plant_7": "Kenaf Plant Stage 7",
  "block.bmaddon.kenaf_plant_6": "Kenaf Plant Stage 6",
  "item.beyondmines_armor.triclassiumtools_sword": "Triclassium Sword",
  "item.beyondmines_armor.sheepteriumarmor_leggings": "Sheepterium Leggings",
  "item.beyondmines_armor.mementoriumtools_hoe": "Mementoria Hoe",
  "item.bmfarming.cassava": "Cassava",
  "item.beyondfarming.strawberry_pie": "Strawberry Pie",
  "item.beyondmines_armor.ringofteleportation": "Ring of Teleportation",
  "item.bmaddon.sorghum_bread": "Sorghum Bread",
  "item.bmaddon.pancakes": "Pancakes",
  "item.beyondfarming.fish_sandwich": "Fish Sandwich",
  "subtitles.block.big_dripleaf.tilt_down": "Dripleaf tilts down",
  "item.bmaddon.yam": "Yam",
  "item.beyondfarming.raw_bacon": "Raw Bacon",
  "item.beyondfarming.eggplant_seeds": "Eggplant Seeds",
  "item.bmfarming.peanut_seeds": "Peanut Seeds",
  "advancements.bulletspeed.title": "Bullet Speed!",
  "subtitles.amethyst_cluster.place": "Block placed",
  "item.beyondfarming.cooked_bacon": "Cooked Bacon",
  "block.beyondfarming.rice_plant_2": "Rice Plant Stage 2",
  "block.beyondfarming.rice_plant_3": "Rice Plant Stage 3",
  "item.bmaddon.sweet_potato_quinoa_cake": "Sweet Potato Quinoa Cake",
  "item.bmfarming.lasagna": "Lasagna",
  "block.beyondfarming.rice_plant_0": "Rice Plant Stage 0",
  "block.beyondfarming.rice_plant_1": "Rice Plant Stage 1",
  "block.beyondfarming.rice_plant_6": "Rice Plant Stage 6",
  "block.beyondfarming.rice_plant_7": "Rice Plant Stage 7",
  "block.beyondfarming.rice_plant_4": "Rice Plant Stage 4",
  "block.beyondfarming.rice_plant_5": "Rice Plant Stage 5",
  "block.beyondfarming.cherry_sapling": "Cherry Sapling",
  "item.bmfarming.oat_seeds": "Oat Seeds",
  "block.bmaddon.blueberry_bush": "Blueberry Bush",
  "item.bmaddon.soybean": "Soybean",
  "item.bmaddon.lettuce": "Lettuce",
  "item.bmfarming.pad_thai": "Pad Thai",
  "item.bmaddon.broccoli": "Broccoli",
  "subtitles.block.amethyst_block.place": "Block placed",
  "subtitles.block.big_dripleaf.place": "Block placed",
  "subtitles.block.amethyst_cluster.break": "Block broken",
  "item.bmfarming.tofu": "Tofu",
  "item.beyondfarming.chicken_noodle_soup": "Chicken Noodle Soup",
  "item.beyondmines_armor.blume.desc": "its a slimy beat",
  "item.bmaddon.turnip": "Turnip",
  "item.beyondfarming.soybean": "Soybean",
  "item.beyondfarming.oat_seeds": "Oat Seeds",
  "item.beyondmines_armor.sheepterium_tools_pickaxe": "SheepteriumTools Pickaxe",
  "item.beyondfarming.rice_seeds": "Rice Seeds",
  "item.bmaddon.chicken_parmesan": "Chicken Parmesan",
  "item.bmfarming.carrot_soup": "Carrot Soup",
  "item.beyondfarming.carrot_soup": "Carrot Soup",
  "item.bmaddon.strawberry": "Strawberries",
  "item.bmaddon.candy": "Candy",
  "item.beyondmines_armor.pranktoria_boots": "Pranktoria Boots",
  "block.beyondmines_armor.mementorium_ore": "Mementorium Ore",
  "item.beyondfarming.chicken_curry": "Chicken Curry",
  "item.beyondfarming.barley": "Barley",
  "item.bmaddon.peanut": "Peanut",
  "item.bmaddon.rye_bread": "Rye Bread",
  "item.beyondmines_armor.beyondtoolrod": "Beyond Tool Rod",
  "block.bmfarming.blackberry_bush_empty": "Blackberry Bush Empty",
  "item.bmfarming.soybean": "Soybean",
  "item.bmfarming.candy_cane": "Candy Cane",
  "item.bmaddon.corn": "Corn",
  "block.beyondmines_armor.triclassiumlamp_on": "Triclassium Lamp",
  "item.bmaddon.pickled_beetroot": "Pickled Beetroot",
  "item.beyondfarming.pepper_seeds": "Pepper Seeds",
  "item.bmaddon.lettuce_seeds": "Lettuce Seeds",
  "block.bmaddon.peanut_plant_2": "Peanut Plant Stage 2",
  "item.beyondfarming.onion_soup": "Onion Soup",
  "block.bmaddon.peanut_plant_3": "Lettuce Plant Stage 3",
  "block.bmaddon.peanut_plant_0": "Peanut Plant Stage 0",
  "advancements.gathering_sheep.title": "Fluffy Gem",
  "block.bmaddon.peanut_plant_1": "Peanut Plant Stage 1",
  "block.bmfarming.peanut_plant_0": "Peanut Plant Stage 0",
  "item.bmaddon.peanut_seeds": "Peanut Seeds",
  "block.bmfarming.peanut_plant_1": "Peanut Plant Stage 1",
  "item.beyondmines_armor.triclassiumtools_pickaxe": "Triclassium Pickaxe",
  "block.bmfarming.peanut_plant_2": "Peanut Plant Stage 2",
  "item.bmfarming.oatmeal": "Oatmeal",
  "block.bmfarming.peanut_plant_3": "Lettuce Plant Stage 3",
  "item.bmaddon.tofu": "Tofu",
  "block.bmfarming.lettuce_plant_3": "Lettuce Plant Stage 3",
  "block.beyondfarming.broccoli_plant_2": "Broccoli Plant Stage 2",
  "block.beyondfarming.broccoli_plant_3": "Broccoli Plant Stage 3",
  "block.beyondfarming.broccoli_plant_0": "Broccoli Plant Stage 0",
  "block.beyondfarming.broccoli_plant_1": "Broccoli Plant Stage 1",
  "item.bmfarming.chicken_noodle_soup": "Chicken Noodle Soup",
  "item.bmaddon.fish_fillet": "Fish Fillet",
  "block.beyondfarming.radish_plant_2": "Radish Plant Stage 2",
  "block.beyondfarming.radish_plant_3": "Radish Plant Stage 3",
  "item.bmaddon.raspberry": "Raspberies",
  "block.beyondfarming.radish_plant_0": "Radish Plant Stage 0",
  "item.beyondfarming.salad": "Salad",
  "block.beyondfarming.radish_plant_1": "Radish Plant Stage 1",
  "block.beyondfarming.thin_log": "Thin Log",
  "block.beyondfarming.barley_plant_6": "Barley Plant Stage 6",
  "block.bmfarming.lettuce_plant_0": "Lettuce Plant Stage 0",
  "block.beyondfarming.barley_plant_7": "Barley Plant Stage 7",
  "item.beyondmines_armor.mementoriumtools_shovel": "Mementoria Shovel",
  "block.bmfarming.lettuce_plant_1": "Lettuce Plant Stage 1",
  "block.beyondfarming.barley_plant_4": "Barley Plant Stage 4",
  "block.bmfarming.lettuce_plant_2": "Lettuce Plant Stage 2",
  "block.beyondfarming.barley_plant_5": "Barley Plant Stage 5",
  "advancements.mementoa_boots.title": "Mementoa Armor",
  "block.bmfarming.radish_plant_0": "Radish Plant Stage 0",
  "block.bmfarming.radish_plant_1": "Radish Plant Stage 1",
  "block.beyondfarming.raspberry_bush_empty": "Raspberry Bush Empty",
  "block.bmfarming.radish_plant_2": "Radish Plant Stage 2",
  "item.bmaddon.cooked_bacon": "Cooked Bacon",
  "block.bmfarming.radish_plant_3": "Radish Plant Stage 3",
  "item.beyondfarming.barley_seeds": "Barley Seeds",
  "block.beyondfarming.barley_plant_2": "Barley Plant Stage 2",
  "block.beyondfarming.barley_plant_3": "Barley Plant Stage 3",
  "block.beyondfarming.barley_plant_0": "Barley Plant Stage 0",
  "item.beyondfarming.pickle": "Pickle",
  "block.beyondfarming.barley_plant_1": "Barley Plant Stage 1",
  "item.beyondfarming.mushroom_barley": "Mushroom Barley ",
  "item.bmaddon.tofu_scramble": "Tofu Scramble",
  "item.bmfarming.barley_bread": "Barley Bread",
  "item.bmfarming.sorghum_seeds": "Sorghum Seeds",
  "item.bmfarming.mac_and_cheese": "Mac And Cheese",
  "item.beyondmines_armor.sheepterium_tools_hoe": "SheepteriumTools Hoe",
  "block.beyondfarming.sweet_potato_plant_1": "Sweet Potato Plant Stage 1",
  "item.beyondmines_armor.triclassium": "Triclassium",
  "block.bmfarming.cheese_block_06": "Cheese Block",
  "block.beyondfarming.sweet_potato_plant_2": "Sweet Potato Plant Stage 2",
  "block.bmfarming.cheese_block_05": "Cheese Block",
  "block.bmfarming.cheese_block_04": "Cheese Block",
  "subtitles.block.amethyst_cluster.place": "Block placed",
  "block.beyondfarming.sweet_potato_plant_0": "Sweet Potato Plant Stage 0",
  "block.bmfarming.thin_log_leaves": "Thin Log with Leaves",
  "subtitles.block.big_dripleaf.hit": "Block breaking",
  "item.bmfarming.pizza": "Pizza",
  "advancements.triclas_leggings.title": "Triclas Armor",
  "subtitles.block.amethyst_block.break": "Block broken",
  "block.beyondfarming.sweet_potato_plant_3": "Sweet Potato Plant Stage 3",
  "block.beyondmines_armor.sheepteriumstairs": "Sheepterium Stairs",
  "block.beyondfarming.tomato_plant_7": "Tomato Plant Stage 7",
  "item.bmfarming.cooked_egg": "Cooked Egg",
  "advancements.mementoa_leggings.title": "Mementoa Armor",
  "block.bmfarming.cheese_block_03": "Cheese Block",
  "block.bmfarming.cheese_block_02": "Cheese Block",
  "block.beyondfarming.rasberry_bush": "Raspberry Bush",
  "block.bmaddon.eggplant_7": "Eggplant Plant Stage 7",
  "item.bmfarming.blt_sandwich": "BLT Sandwich",
  "block.bmaddon.eggplant_3": "Eggplant Plant Stage 3",
  "block.bmaddon.eggplant_4": "Eggplant Plant Stage 4",
  "item.beyondfarming.cherry_pie": "Cherry Pie",
  "block.bmaddon.eggplant_5": "Eggplant Plant Stage 5",
  "item.bmfarming.rice": "Rice",
  "block.bmaddon.eggplant_6": "Eggplant Plant Stage 6",
  "item.beyondfarming.radish": "Radish",
  "block.bmaddon.eggplant_0": "Eggplant Plant Stage 0",
  "block.bmaddon.eggplant_1": "Eggplant Plant Stage 1",
  "block.bmaddon.eggplant_2": "Eggplant Plant Stage 2",
  "item.bmaddon.fruit_salat": "Fruit Salad",
  "item.bmfarming.rye_seeds": "Rye Seeds",
  "item.bmfarming.broccoli_seed": "Broccoli Seeds",
  "item.bmfarming.sweet_potato": "Sweet Potato",
  "item.beyondfarming.tomato": "Tomato",
  "subtitles.block.calcite.hit": "Block breaking",
  "item.bmfarming.pork_curry": "Pork Curry",
  "item.bmfarming.spinach": "Spinach",
  "item.bmfarming.sorghum": "Sorghum",
  "item.bmfarming.blackberry": "Blackberies",
  "item.bmaddon.onion": "Onion",
  "item.bmfarming.cherry_pie": "Cherry Pie",
  "item.bmfarming.eggplant": "Eggplant",
  "advancements.mementoa_boots.descr": "First Mementoa Boots!",
  "item.beyondfarming.yam_seeds": "Yam Seeds",
  "block.bmaddon.blackberry_bush_empty": "Blackberry Bush Empty",
  "advancements.mementoa_helmet.title": "Mementoa Armor",
  "item.bmfarming.yam_seeds": "Yam Seeds",
  "item.beyondfarming.fish_and_chips": "Fish and Chips",
  "item.bmaddon.potato_knish": "Potato Knish",
  "item.bmaddon.vegetable_curry": "Vegetable Curry",
  "block.beyondfarming.tomato_plant_0": "Tomato Plant Stage 0",
  "block.beyondfarming.tomato_plant_2": "Tomato Plant Stage 2",
  "block.beyondfarming.tomato_plant_1": "Tomato Plant Stage 1",
  "item.bmaddon.spinach_quinoa_quiche": "Spinach Quinoa Quiche",
  "block.beyondfarming.tomato_plant_4": "Tomato Plant Stage 4",
  "block.beyondfarming.yam_plant_3": "Yam Plant Stage 3",
  "item.beyondfarming.blackberry": "Blackberies",
  "block.beyondfarming.tomato_plant_3": "Tomato Plant Stage 3",
  "block.beyondfarming.yam_plant_2": "Yam Plant Stage 2",
  "block.beyondfarming.tomato_plant_6": "Tomato Plant Stage 6",
  "block.beyondfarming.yam_plant_1": "Yam Plant Stage 1",
  "block.beyondfarming.orange_log_leaves": "Orange Log with Leaves",
  "block.beyondfarming.tomato_plant_5": "Tomato Plant Stage 5",
  "block.beyondfarming.yam_plant_0": "Yam Plant Stage 0",
  "item.beyondfarming.cucumber_soup": "Cucumber Soup",
  "item.bmaddon.rice": "Rice",
  "item.bmfarming.corn": "Corn",
  "block.beyondmines_armor.sheepterium_block": "Sheepterium Block",
  "item.bmaddon.cherry": "Cherry",
  "block.bmfarming.blueberry_bush_empty": "Blueberry Bush Empty",
  "item.bmaddon.soybean_seeds": "Soybean Seeds",
  "item.beyondmines_armor.pranktoria_chestplate": "Pranktoria Body",
  "item.bmfarming.radish_soup": "Radish Soup",
  "item.bmaddon.cheese_slice": "Cheese Slice",
  "item.bmaddon.sweet_potato": "Sweet Potato",
  "subtitles.block.big_dripleaf.break": "Block broken",
  "item.bmfarming.chicken_curry": "Chicken Curry",
  "item.bmaddon.lasagna": "Lasagna",
  "item.beyondmines_armor.ringofspeed": "Ring of Speed",
  "item.bmfarming.broccoli": "Broccoli",
  "item.bmfarming.vegetable_curry": "Vegetable Curry",
  "block.bmaddon.cumin_plant_3": "Cumin Plant Stage 3",
  "block.bmaddon.cumin_plant_1": "Cumin Plant Stage 1",
  "block.bmaddon.cumin_plant_2": "Cumin Plant Stage 2",
  "block.bmaddon.cumin_plant_0": "Cumin Plant Stage 0",
  "item.bmfarming.jaffa_cake": "Jaffa Cake",
  "item.bmfarming.pickle": "Pickle",
  "item.beyondfarming.cooked_sausage": "Cooked Sausage",
  "item.bmfarming.noodles": "Noodles",
  "block.bmaddon.rye_plant_4": "Rye Plant Stage 4",
  "block.bmaddon.rye_plant_3": "Rye Plant Stage 3",
  "block.bmaddon.rye_plant_6": "Rye Plant Stage 6",
  "block.bmaddon.rye_plant_5": "Rye Plant Stage 5",
  "block.bmfarming.kenaf_plant_7_upper": "Kenaf Plant Stage 7 Upper",
  "item.bmaddon.cooked_sausage": "Cooked Sausage",
  "block.bmaddon.rye_plant_0": "Rye Plant Stage 0",
  "block.bmaddon.rye_plant_2": "Rye Plant Stage 2",
  "block.bmaddon.rye_plant_1": "Rye Plant Stage 1",
  "item.bmaddon.blt_sandwich": "BLT Sandwich",
  "block.bmaddon.rye_plant_7": "Rye Plant Stage 7",
  "item.bmfarming.popcorn": "Popcorn",
  "item.bmfarming.oat": "Oat",
  "item.beyondfarming.quinoa_salad": "Quinoa Salad",
  "block.bmfarming.cumin_plant_3": "Cumin Plant Stage 3",
  "block.bmfarming.cumin_plant_1": "Cumin Plant Stage 1",
  "block.bmfarming.cumin_plant_2": "Cumin Plant Stage 2",
  "item.beyondmines_armor.sheepterium_tools_axe": "SheepteriumTools Axe",
  "item.bmaddon.eggplant": "Eggplant",
  "advancements.mementoa_helmet.descr": "First Mementoa Helmet!",
  "block.bmfarming.cumin_plant_0": "Cumin Plant Stage 0",
  "item.bmaddon.chicken_noodle_soup": "Chicken Noodle Soup",
  "block.bmaddon.cherrylog_leaves": "Cherry Log with Leaves",
  "item.beyondfarming.cooked_egg": "Cooked Egg",
  "item.bmaddon.pad_thai": "Pad Thai",
  "item.bmaddon.beef_and_broccoli": "Beef and Broccoli",
  "item.bmaddon.salad": "Salad",
  "item.bmaddon.cheese_burger": "Cheeseburger",
  "item.beyondfarming.sweet_potato_seeds": "Sweet Potato Seeds",
  "item.bmfarming.curry_powder": "Curry Powder",
  "block.beyondfarming.blackberry_bush": "Blackberry Bush",
  "advancements.triclas_chestplate.title": "Triclas Revolution!",
  "item.bmaddon.sorghum": "Sorghum",
  "item.beyondfarming.italian_beef": "Italian Beef",
  "block.beyondmines_armor.triclassium_ore": "Triclassium Ore",
  "item.beyondfarming.oatmeal": "Oatmeal",
  "item.bmaddon.blueberry": "Blueberries",
  "advancements.mementoa_chestplate.descr": "First Mementoa Chestplate!",
  "item.bmfarming.cooked_sausage": "Cooked Sausage",
  "item.beyondfarming.jaffa_cake": "Jaffa Cake",
  "item.bmaddon.raw_bacon": "Raw Bacon",
  "item.beyondfarming.yam": "Yam",
  "item.bmfarming.rice_bread": "Rice Bread",
  "block.beyondfarming.chese_block_01": "Cheese Block",
  "block.beyondfarming.cassava_plant_3": "Cassava Plant Stage 3",
  "block.beyondfarming.cassava_plant_4": "Cassava Plant Stage 3",
  "block.beyondfarming.cassava_plant_5": "Cassava Plant Stage 5",
  "block.beyondfarming.cassava_plant_6": "Cassava Plant Stage 6",
  "block.beyondmines_armor.triclassiumstairs": "Triclassium Stairs",
  "block.beyondfarming.cassava_plant_0": "Cassava Plant Stage 0",
  "block.beyondfarming.cassava_plant_1": "Cassava Plant Stage 1",
  "block.beyondfarming.cassava_plant_2": "Cassava Plant Stage 2",
  "block.beyondfarming.sorghum_plant_7": "Kenaf Plant Stage 7",
  "block.beyondfarming.sorghum_plant_6": "Sorghum Plant Stage 6",
  "item.bmaddon.blueberry_pie": "Blueberry Pie",
  "block.bmaddon.bush": "Bush",
  "advancements.gathering_triclassium.title": "Triple density Emerald!",
  "block.bmfarming.eggplant_7": "Eggplant Plant Stage 7",
  "block.beyondfarming.sorghum_plant_1": "Sorghum Plant Stage 1",
  "item.beyondfarming.broccoli_seed": "Broccoli Seeds",
  "block.beyondfarming.sorghum_plant_0": "Sorghum Plant Stage 0",
  "item.bmfarming.raspberry_pie": "Raspberry Pie",
  "block.bmfarming.eggplant_5": "Eggplant Plant Stage 5",
  "block.beyondfarming.sorghum_plant_3": "Sorghum Plant Stage 3",
  "block.bmfarming.eggplant_6": "Eggplant Plant Stage 6",
  "block.beyondfarming.sorghum_plant_2": "Sorghum Plant Stage 2",
  "block.bmfarming.eggplant_3": "Eggplant Plant Stage 3",
  "block.beyondfarming.sorghum_plant_5": "Sorghum Plant Stage 5",
  "block.bmfarming.eggplant_4": "Eggplant Plant Stage 4",
  "block.beyondfarming.sorghum_plant_4": "Sorghum Plant Stage 4",
  "item.beyondfarming.pancakes": "Pancakes",
  "block.bmfarming.eggplant_1": "Eggplant Plant Stage 1",
  "block.bmfarming.eggplant_2": "Eggplant Plant Stage 2",
  "block.bmfarming.eggplant_0": "Eggplant Plant Stage 0",
  "item.bmfarming.turnip": "Turnip",
  "block.beyondfarming.cassava_plant_7": "Cassava Plant Stage 7",
  "item.beyondfarming.onion_seed": "Onion Seeds",
  "item.bmfarming.cooked_bacon": "Cooked Bacon",
  "block.bmaddon.strawberry_bush": "Strawberry Bush",
  "item.bmfarming.rice_seeds": "Rice Seeds",
  "block.beyondmines_armor.sheepteriumlamp_on": "Sheepterium Lamp",
  "item.bmaddon.smoothie": "Smoothie",
  "block.beyondfarming.strawberry_bush": "Strawberry Bush",
  "item.beyondfarming.cornbread": "Corn bread",
  "item.bmaddon.sushi": "Sushi",
  "block.bmfarming.cherrylog_leaves": "Cherry Log with Leaves",
  "item.beyondmines_armor.triclas_helmet": "Triclas Helmet",
  "block.bmfarming.orange_sapling": "Orange Sapling",
  "item.beyondfarming.onion": "Onion",
  "item.beyondfarming.oat_bread": "Oat Bread",
  "item.bmfarming.sweet_potato_quinoa_cake": "Sweet Potato Quinoa Cake",
  "item.beyondmines_armor.triclassiumtools_hoe": "Triclassium Hoe",
  "block.beyondmines_armor.triclassiumlamp_off": "Sheepterium Lamp",
  "item.bmaddon.barley_seeds": "Barley Seeds",
  "item.bmaddon.rye_seeds": "Rye Seeds",
  "item.beyondfarming.peanut_butter_cookie": "Peanut Butter Cookie",
  "item.beyondfarming.ginger_seeds": "Ginger Seeds",
  "item.beyondfarming.beef_and_broccoli": "Beef and Broccoli",
  "item.bmaddon.vegetable_medley": "Vegetable Medley",
  "item.beyondmines_armor.haft.desc": "You know who he is",
  "item.beyondfarming.candy_cane": "Candy Cane",
  "item.bmfarming.barley_seeds": "Barley Seeds",
  "item.bmfarming.cornbread": "Corn bread",
  "item.beyondmines_armor.mysticalfreestyle.desc": "Leonniclass - Mystical Freestyle",
  "item.bmfarming.oat_bread": "Oat Bread",
  "block.bmaddon.kenaf_plant_7_upper": "Kenaf Plant Stage 7 Upper",
  "block.beyondmines_armor.mementoriumlamp_off": "Mementorium Lamp",
  "block.bmaddon.pepper_plant_3": "Pepper Plant Stage 3",
  "block.bmfarming.rye_plant_0": "Rye Plant Stage 0",
  "block.bmaddon.pepper_plant_0": "Pepper Plant Stage 0",
  "block.bmfarming.rye_plant_2": "Rye Plant Stage 2",
  "block.bmaddon.pepper_plant_1": "Pepper Plant Stage 1",
  "block.bmfarming.rye_plant_1": "Rye Plant Stage 1",
  "block.bmaddon.pepper_plant_2": "Pepper Plant Stage 2",
  "block.bmfarming.rye_plant_4": "Rye Plant Stage 4",
  "block.bmfarming.rye_plant_3": "Rye Plant Stage 3",
  "block.bmfarming.rye_plant_6": "Rye Plant Stage 6",
  "block.bmfarming.rye_plant_5": "Rye Plant Stage 5",
  "item.beyondmines_armor.triclas_boots": "Triclas Boots",
  "block.bmfarming.rye_plant_7": "Rye Plant Stage 7",
  "item.beyondmines_armor.sheepteriumarmor_chestplate": "Sheepterium Chestplate",
  "item.beyondfarming.chocolate": "Chocolate",
  "item.bmaddon.mushroom_barley": "Mushroom Barley ",
  "subtitles.calcite.break": "Block broken",
  "item.bmaddon.cassava_cake": "Cassava Cake",
  "item.beyondfarming.turnip_beetroot_gratin": "Turnip Beetroot Gratin",
  "item.beyondfarming.raw_sausage": "Raw Sausage",
  "subtitles.cave_vines.break": "Block broken",
  "block.bmfarming.thin_log": "Thin Log",
  "item.bmfarming.eggplant_seeds": "Eggplant Seeds",
  "item.bmaddon.barley": "Barley",
  "item.beyondmines_armor.triclas_chestplate": "Triclas Chestplate",
  "item.bmfarming.peanut_butter_pie": "Peanut Butter Pie",
  "item.bmfarming.cassava_cake": "Cassava Cake",
  "item.beyondfarming.peanut": "Peanut",
  "item.beyondfarming.rice_bread": "Rice Bread",
  "item.bmfarming.rye_bread": "Rye Bread",
  "item.bmaddon.spinach_seeds": "Spinach Seeds",
  "block.bmaddon.corn_plant_7_upper": "Corn Plant Stage 7 Upper",
  "block.beyondfarming.oat_plant_2": "Oat Plant Stage",
  "item.beyondfarming.rye_bread": "Rye Bread",
  "item.bmaddon.cotton": "Cotton",
  "item.bmfarming.fruit_salat": "Fruit Salad",
  "block.beyondfarming.oat_plant_1": "Oat Plant Stage 1",
  "item.bmaddon.mutton_curry": "Mutton Curry",
  "item.bmfarming.tomato": "Tomato",
  "block.beyondfarming.oat_plant_0": "Oat Plant Stage 0",
  "block.beyondfarming.onion_plant_4": "Onion Plant Stage 4",
  "block.beyondfarming.onion_plant_5": "Onion Plant Stage 5",
  "item.bmaddon.spinach": "Spinach",
  "block.beyondfarming.onion_plant_6": "Onion Plant Stage 6",
  "block.beyondfarming.onion_plant_7": "Onion Plant Stage 7",
  "item.bmfarming.baked_sweet_potato": "Baked Sweet Potato",
  "block.beyondfarming.onion_plant_0": "Onion Plant Stage 0",
  "block.beyondfarming.onion_plant_1": "Onion Plant Stage 1",
  "block.beyondfarming.onion_plant_2": "Onion Plant Stage 2",
  "item.bmfarming.cassava_seeds": "Cassava Seeds",
  "block.beyondfarming.onion_plant_3": "Onion Plant Stage 3",
  "item.bmaddon.cassava_seeds": "Cassava Seeds",
  "item.beyondfarming.orange": "Orange",
  "item.bmfarming.chocolate": "Chocolate",
  "block.beyondfarming.oat_plant_7": "Oat Plant Stage 7",
  "block.beyondfarming.oat_plant_6": "Oat Plant Stage 6",
  "item.bmfarming.veggie_burger": "Veggie Burger",
  "block.beyondfarming.oat_plant_5": "Oat Plant Stage 5",
  "block.beyondfarming.oat_plant_4": "Oat Plant Stage 4",
  "item.bmaddon.pickle": "Pickle",
  "block.beyondfarming.oat_plant_3": "Oat Plant Stage 3",
  "subtitles.block.amethyst_block.step": "Footsteps",
  "item.bmaddon.mac_and_cheese": "Mac And Cheese",
  "item.bmaddon.radish_soup": "Radish Soup",
  "item.beyondmines_armor.mementoaring": "Mementoa Ring",
  "item.beyondfarming.potato_knish": "Potato Knish",
  "item.beyondfarming.blackberry_pie": "Blackberry Pie",
  "item.bmfarming.cucumber_soup": "Cucumber Soup",
  "block.bmaddon.orange_leaves_empty": "Orange Leaves Empty",
  "item.bmaddon.radish": "Radish",
  "item.beyondfarming.vegetable_medley": "Vegetable Medley",
  "item.bmfarming.cumin_seeds": "Cumin Seeds",
  "item.bmaddon.sweet_potato_seeds": "Sweet Potato Seeds",
  "item.beyondfarming.pumpkin_pie": "Pumpkin Pie",
  "item.beyondmines_armor.ringoffire": "Ring of Fire",
  "item.bmfarming.cotton": "Cotton",
  "block.beyondfarming.corn_plant_7_upper": "Corn Plant Stage 7 Upper",
  "item.bmaddon.tomato": "Tomato",
  "item.bmfarming.cheese_slice": "Cheese Slice",
  "item.bmaddon.sorghum_porridge": "Sorghum Porridge",
  "block.bmfarming.spinach_plant_3": "Spinach Plant Stage 3",
  "block.bmfarming.spinach_plant_2": "Spinach Plant Stage 2",
  "block.bmfarming.spinach_plant_1": "Spinach Plant Stage 1",
  "block.bmfarming.spinach_plant_0": "Spinach Plant Stage 0",
  "block.bmfarming.corn_plant_7_upper": "Corn Plant Stage 7 Upper",
  "advancements.triclas_chestplate.descr": "First Triclas Chestplate!",
  "item.beyondfarming.cucumber_seeds": "Cucumber Seeds",
  "advancements.gathering_mementorium.descr": "Mined Mementorium Ore",
  "item.beyondfarming.raspberry_pie": "Raspberry Pie",
  "item.beyondfarming.tomato_soup": "Tomato Soup",
  "item.bmfarming.barley": "Barley",
  "block.beyondfarming.kenaf_plant_0": "Kenaf Plant Stage 0",
  "block.beyondfarming.kenaf_plant_1": "Kenaf Plant Stage 1",
  "item.bmaddon.oat_bread": "Oat Bread",
  "block.beyondfarming.kenaf_plant_2": "Kenaf Plant Stage 2",
  "item.bmfarming.quinoa": "Quinoa Seeds",
  "block.beyondfarming.kenaf_plant_3": "Kenaf Plant Stage 3",
  "block.beyondfarming.kenaf_plant_4": "Kenaf Plant Stage 4",
  "block.beyondfarming.kenaf_plant_5": "Kenaf Plant Stage 5",
  "subtitles.haftiabi": "",
  "block.beyondfarming.kenaf_plant_6": "Kenaf Plant Stage 6",
  "block.beyondfarming.kenaf_plant_7": "Kenaf Plant Stage 7",
  "item.beyondfarming.curry_powder": "Curry Powder",
  "block.bmaddon.cotton_plant_3": "Cotton Plant Stage 3",
  "block.bmaddon.cotton_plant_2": "Cotton Plant Stage 2",
  "block.bmaddon.cotton_plant_5": "Cotton Plant Stage 5",
  "block.bmaddon.cotton_plant_4": "Cotton Plant Stage 3",
  "block.bmaddon.cotton_plant_1": "Cotton Plant Stage 1",
  "block.bmaddon.cotton_plant_0": "Cotton Plant Stage 0",
  "block.bmfarming.sweet_potato_plant_1": "Sweet Potato Plant Stage 1",
  "block.bmfarming.sweet_potato_plant_2": "Sweet Potato Plant Stage 2",
  "item.beyondfarming.beef_curry": "Beef Curry",
  "block.bmfarming.sweet_potato_plant_0": "Sweet Potato Plant Stage 0",
  "block.bmaddon.cotton_plant_7": "Cotton Plant Stage 7",
  "block.bmaddon.cotton_plant_6": "Cotton Plant Stage 6",
  "block.bmfarming.sweet_potato_plant_3": "Sweet Potato Plant Stage 3",
  "block.bmaddon.cheese_block_04": "Cheese Block",
  "item.beyondfarming.rye_seeds": "Rye Seeds",
  "block.beyondmines_armor.pranktorium_end_ore": "Pranktorium Ore",
  "block.bmaddon.cheese_block_05": "Cheese Block",
  "block.bmaddon.cheese_block_06": "Cheese Block",
  "subtitles.calcite.place": "Block placed",
  "block.bmaddon.cheese_block_02": "Cheese Block",
  "block.bmaddon.cheese_block_03": "Cheese Block",
  "block.beyondmines_armor.sheepteriumlamp_off": "Sheepterium Lamp",
  "item.bmfarming.radish": "Radish",
  "item.bmaddon.fish_sandwich": "Fish Sandwich",
  "item.bmaddon.fish_and_chips": "Fish and Chips",
  "block.beyondfarming.orange_sapling": "Orange Sapling",
  "item.bmfarming.blackberry_pie": "Blackberry Pie",
  "block.beyondfarming.quinoa_plant_1": "Quinoa Plant Stage 1",
  "block.beyondfarming.quinoa_plant_0": "Quinoa Plant Stage 0",
  "block.bmaddon.raspberry_bush_empty": "Raspberry Bush Empty",
  "item.beyondfarming.spinach": "Spinach",
  "item.beyondfarming.sausage_barley_soup": "Sausage Barley Soup",
  "block.beyondfarming.quinoa_plant_3": "Quinoa Plant Stage 3",
  "item.bmfarming.sorghum_porridge": "Sorghum Porridge",
  "block.beyondfarming.quinoa_plant_2": "Quinoa Plant Stage 2",
  "item.bmfarming.fish_and_chips": "Fish and Chips",
  "item.beyondmines_armor.mining_dimension": "Mining Dimension Portal Igniter",
  "item.bmaddon.radish_seeds": "Radish Seeds",
  "item.beyondfarming.pork_curry": "Pork Curry",
  "item.beyondfarming.sorghum": "Sorghum",
  "item.beyondfarming.squid_ink_pasta": "Squid Ink Pasta",
  "advancements.upgrade_netherite.descr": "Created a Beyond Tool Rod",
  "item.bmfarming.beef_curry": "Beef Curry",
  "item.bmaddon.pumpkin_soup": "Pumpkin Soup",
  "item.beyondfarming.candy": "Candy",
  "item.bmfarming.strawberry_pie": "Strawberry Pie",
  "item.bmfarming.hotdog": "Hotdog",
  "block.bmfarming.orange_leaves": "Cherry Leaves",
  "item.bmfarming.sushi": "Sushi",
  "subtitles.derboss": "",
  "item.bmaddon.raw_sausage": "Raw Sausage",
  "item.beyondmines_armor.sheepturium": "Sheepterium",
  "item.beyondfarming.rice_bowl": "Rice Bowl",
  "block.bmfarming.blackberry_bush": "Blackberry Bush",
  "block.beyondmines_armor.triclassiumslab": "Triclassium Slab",
  "block.bmfarming.raspberry_bush_empty": "Raspberry Bush Empty",
  "item.bmfarming.spinach_seeds": "Spinach Seeds",
  "block.beyondmines_armor.sheepteriumwall": "Sheepterium Wall",
  "item.beyondfarming.mac_and_cheese": "Mac And Cheese",
  "item.bmaddon.sorghum_seeds": "Sorghum Seeds",
  "item.bmaddon.rice_seeds": "Rice Seeds",
  "item.bmaddon.spinach_mushroom_quiche": "Spinach Mushroom Quiche",
  "item.bmaddon.pork_curry": "Pork Curry",
  "item.bmaddon.cherry_pie": "Cherry Pie",
  "block.beyondmines_armor.mementoriumstairs": "Mementorium Stairs",
  "block.beyondfarming.orange_leaves": "Cherry Leaves",
  "item.beyondfarming.pepper": "Pepper",
  "item.beyondfarming.tomato_seeds": "Tomato Seeds",
  "item.bmfarming.rice_bowl": "Rice Bowl",
  "item.beyondfarming.sandwich": "Sandwich",
  "block.bmfarming.cucumber_plant_1": "Cucumber Plant Stage 1",
  "item.beyondfarming.peanut_butter_pie": "Peanut Butter Pie",
  "block.bmfarming.cucumber_plant_2": "Cucumber Plant Stage 2",
  "block.bmfarming.cucumber_plant_0": "Cucumber Plant Stage 0",
  "advancements.triclas_boots.descr": "First Triclas Boots!",
  "block.bmfarming.cucumber_plant_5": "Cucumber Plant Stage 5",
  "block.bmfarming.cucumber_plant_6": "Cucumber Plant Stage 6",
  "block.bmfarming.cucumber_plant_3": "Cucumber Plant Stage 3",
  "block.bmfarming.cucumber_plant_4": "Cucumber Plant Stage 4",
  "item.beyondfarming.sorghum_bread": "Sorghum Bread",
  "block.bmfarming.cucumber_plant_7": "Cucumber Plant Stage 7",
  "item.bmfarming.mutton_curry": "Mutton Curry",
  "biome.beyondmines_armor.miningbiome": "Miningbiome",
  "advancements.gathering_sheep.descr": "Mined Sheepterium Ore",
  "item.bmaddon.rice_bread": "Rice Bread",
  "subtitles.block.amethyst_block.hit": "Block breaking",
  "item.bmfarming.strawberry": "Strawberries",
  "item.beyondmines_armor.sheepteriumarmor_helmet": "Sheepterium Helmet",
  "item.beyondfarming.lettuce_seeds": "Lettuce Seeds",
  "item.bmfarming.radish_seeds": "Radish Seeds",
  "block.bmfarming.turnip_plant_0": "Turnip Plant Stage 0",
  "item.beyondfarming.caeser_salad": "Caeser Salad",
  "block.bmaddon.cassava_plant_5": "Cassava Plant Stage 5",
  "block.bmfarming.turnip_plant_1": "Turnip Plant Stage 1",
  "block.bmaddon.cassava_plant_6": "Cassava Plant Stage 6",
  "block.bmfarming.turnip_plant_2": "Turnip Plant Stage 2",
  "advancements.triclas_leggings.descr": "First Triclas Leggings!",
  "block.bmaddon.cassava_plant_3": "Cassava Plant Stage 3",
  "block.bmfarming.turnip_plant_3": "Turnip Plant Stage 3",
  "item.bmfarming.candy": "Candy",
  "block.bmaddon.cassava_plant_4": "Cassava Plant Stage 3",
  "block.bmaddon.cassava_plant_1": "Cassava Plant Stage 1",
  "block.bmaddon.cassava_plant_2": "Cassava Plant Stage 2",
  "advancements.triclass_helmet.descr": "First Triclas Helmet!",
  "item.bmfarming.kenaf_fiber": "Kenaf Fiber",
  "item.beyondfarming.egg_sandwich": "Egg Sandwich",
  "item.beyondfarming.popcorn": "Popcorn",
  "block.bmaddon.cassava_plant_0": "Cassava Plant Stage 0",
  "item.beyondfarming.radish_soup": "Radish Soup",
  "item.bmaddon.oat_seeds": "Oat Seeds",
  "item.beyondmines_armor.mementoriumtools_pickaxe": "Mementoria Pickaxe",
  "block.bmaddon.cassava_plant_7": "Cassava Plant Stage 7",
  "item.bmaddon.veggie_burger": "Veggie Burger",
  "block.bmaddon.cherry_leaves": "Cherry Leaves",
  "item.bmaddon.blackberry_pie": "Blackberry Pie",
  "block.bmaddon.blackberry_bush": "Blackberry Bush",
  "item.beyondfarming.fried_rice": "Fried Rice",
  "block.beyondfarming.soybean_plant_0": "Soybean Plant Stage 0",
  "block.beyondfarming.soybean_plant_1": "Soybean Plant Stage 1",
  "item.beyondfarming.sushi": "Sushi",
  "block.beyondfarming.soybean_plant_2": "Soybean Plant Stage 2",
  "block.beyondfarming.soybean_plant_3": "Soybean Plant Stage 3",
  "block.bmfarming.blueberry_bush": "Blueberry Bush",
  "item.bmaddon.barley_bread": "Barley Bread",
  "item.bmaddon.tomato_soup": "Tomato Soup",
  "item.beyondfarming.spinach_mushroom_quiche": "Spinach Mushroom Quiche",
  "block.beyondmines_armor.triclassium_block": "Triclassium Block",
  "item.beyondmines_armor.mysticalfreestyle": "Music Disc",
  "block.bmaddon.thin_log": "Thin Log",
  "item.bmaddon.peanut_butter_cookie": "Peanut Butter Cookie",
  "item.beyondfarming.fish_fillet": "Fish Fillet",
  "block.bmfarming.ginger_plant_1": "Ginger Plant Stage 1",
  "item.bmfarming.italian_beef": "Italian Beef",
  "block.bmfarming.ginger_plant_2": "Ginger Plant Stage 2",
  "block.bmfarming.ginger_plant_3": "Ginger Plant Stage 3",
  "block.bmfarming.ginger_plant_4": "Ginger Plant Stage 3",
  "item.beyondfarming.turnip_seeds": "Turnip Seeds",
  "block.bmfarming.ginger_plant_0": "Ginger Plant Stage 0",
  "item.bmaddon.italian_beef": "Italian Beef",
  "item.beyondfarming.chicken_parmesan": "Chicken Parmesan",
  "item.beyondmines_armor.mementoa_leggings": "Mementoria Leggings",
  "item.beyondfarming.sorghum_seeds": "Sorghum Seeds",
  "block.bmfarming.ginger_plant_5": "Ginger Plant Stage 5",
  "block.bmfarming.ginger_plant_6": "Ginger Plant Stage 6",
  "block.bmfarming.ginger_plant_7": "Ginger Plant Stage 7",
  "block.bmfarming.cassava_plant_7": "Cassava Plant Stage 7",
  "block.bmfarming.cassava_plant_4": "Cassava Plant Stage 3",
  "block.bmfarming.cassava_plant_3": "Cassava Plant Stage 3",
  "block.bmfarming.cassava_plant_6": "Cassava Plant Stage 6",
  "block.bmfarming.quinoa_plant_2": "Quinoa Plant Stage 2",
  "block.bmfarming.cassava_plant_5": "Cassava Plant Stage 5",
  "block.bmfarming.quinoa_plant_3": "Quinoa Plant Stage 3",
  "block.bmfarming.quinoa_plant_0": "Quinoa Plant Stage 0",
  "block.bmfarming.quinoa_plant_1": "Quinoa Plant Stage 1",
  "item.bmfarming.vinegar": "Vinegar",
  "item.bmaddon.quinoa_salad": "Quinoa Salad",
  "item.bmaddon.candy_cane": "Candy Cane",
  "item.bmfarming.vegetable_medley": "Vegetable Medley",
  "item.beyondmines_armor.pranktotium_ingot": "Pranktotium Ingot",
  "block.beyondmines_armor.sheepteriumslab": "Sheepterium Slab",
  "item.beyondfarming.corn_salad": "Corn Salad",
  "block.bmfarming.cassava_plant_0": "Cassava Plant Stage 0",
  "item.beyondfarming.cheese_burger": "Cheeseburger",
  "block.bmfarming.cassava_plant_2": "Cassava Plant Stage 2",
  "item.beyondfarming.vinegar": "Vinegar",
  "block.bmfarming.cassava_plant_1": "Cassava Plant Stage 1",
  "block.bmaddon.sweet_potato_plant_2": "Sweet Potato Plant Stage 2",
  "block.bmaddon.sweet_potato_plant_1": "Sweet Potato Plant Stage 1",
  "block.bmaddon.sweet_potato_plant_0": "Sweet Potato Plant Stage 0",
  "item.bmfarming.caeser_salad": "Caeser Salad",
  "subtitles.amethyst.step": "Footsteps",
  "block.bmaddon.sweet_potato_plant_3": "Sweet Potato Plant Stage 3",
  "item.bmaddon.eggplant_seeds": "Eggplant Seeds",
  "item.bmfarming.fried_rice": "Fried Rice",
  "item.bmfarming.quinoa_salad": "Quinoa Salad",
  "block.bmfarming.orange_leaves_empty": "Orange Leaves Empty",
  "item.bmaddon.chicken_curry": "Chicken Curry",
  "item.bmfarming.egg_sandwich": "Egg Sandwich",
  "block.bmfarming.sorghum_plant_4": "Sorghum Plant Stage 4",
  "block.bmfarming.sorghum_plant_5": "Sorghum Plant Stage 5",
  "block.bmfarming.sorghum_plant_2": "Sorghum Plant Stage 2",
  "item.bmaddon.vinegar": "Vinegar",
  "block.bmfarming.sorghum_plant_3": "Sorghum Plant Stage 3",
  "block.beyondfarming.cherrylog_leaves": "Cherry Log with Leaves",
  "block.bmfarming.soybean_plant_1": "Soybean Plant Stage 1",
  "block.bmfarming.soybean_plant_0": "Soybean Plant Stage 0",
  "block.bmfarming.soybean_plant_3": "Soybean Plant Stage 3",
  "block.bmfarming.sorghum_plant_6": "Sorghum Plant Stage 6",
  "block.bmfarming.soybean_plant_2": "Soybean Plant Stage 2",
  "block.bmfarming.sorghum_plant_7": "Kenaf Plant Stage 7",
  "item.beyondmines_armor.sheepterium": "Sheepterium",
  "advancements.triclass_helmet.title": "Triclas Armor",
  "block.bmfarming.chese_block_01": "Cheese Block",
  "item.beyondfarming.oat": "Oat",
  "item.bmaddon.jaffa_cake": "Jaffa Cake",
  "item.beyondfarming.sweet_potato_quinoa_cake": "Sweet Potato Quinoa Cake",
  "item.bmfarming.spinach_quinoa_quiche": "Spinach Quinoa Quiche",
  "item.beyondfarming.kenaf_seeds": "Kenaf Seeds",
  "block.bmaddon.ginger_plant_0": "Ginger Plant Stage 0",
  "block.beyondmines_armor.mementoriumlamp_on": "Mementorium Lamp",
  "item.beyondmines_armor.pranktorium_dust": "Pranktorium Dust",
  "block.beyondfarming.bush": "Bush",
  "item.bmfarming.pancakes": "Pancakes",
  "subtitles.amethyst.place": "Block placed",
  "block.bmaddon.ginger_plant_7": "Ginger Plant Stage 7",
  "item.beyondfarming.lettuce": "Lettuce",
  "block.bmaddon.ginger_plant_5": "Ginger Plant Stage 5",
  "block.bmaddon.cherry_leaves_empty": "Cherry Leaves Empty",
  "block.bmaddon.ginger_plant_6": "Ginger Plant Stage 6",
  "block.bmaddon.ginger_plant_3": "Ginger Plant Stage 3",
  "item.bmaddon.hotdog": "Hotdog",
  "block.bmaddon.ginger_plant_4": "Ginger Plant Stage 3",
  "item.bmaddon.ginger": "Ginger",
  "block.bmaddon.ginger_plant_1": "Ginger Plant Stage 1",
  "item.beyondfarming.pickled_beetroot": "Pickled Beetroot",
  "block.bmaddon.ginger_plant_2": "Ginger Plant Stage 2",
  "item.bmaddon.ginger_seeds": "Ginger Seeds",
  "block.bmaddon.orange_leaves": "Cherry Leaves",
  "block.bmaddon.chese_block_01": "Cheese Block",
  "item.bmaddon.peanut_butter_pie": "Peanut Butter Pie",
  "item.beyondmines_armor.miningdimteleporter": "Mining Dimension Teleporter",
  "item.bmfarming.squid_ink_pasta": "Squid Ink Pasta",
  "block.bmfarming.sorghum_plant_0": "Sorghum Plant Stage 0",
  "block.bmfarming.sorghum_plant_1": "Sorghum Plant Stage 1",
  "item.bmaddon.kenaf_fiber": "Kenaf Fiber",
  "item.bmaddon.yam_seeds": "Yam Seeds",
  "item.bmaddon.pizza": "Pizza",
  "block.beyondfarming.spinach_plant_3": "Spinach Plant Stage 3",
  "block.beyondfarming.spinach_plant_1": "Spinach Plant Stage 1",
  "block.beyondfarming.spinach_plant_2": "Spinach Plant Stage 2",
  "item.bmfarming.salad": "Salad",
  "item.beyondfarming.apple_pie": "Apple Pie",
  "block.bmaddon.spinach_plant_0": "Spinach Plant Stage 0",
  "item.bmaddon.orange": "Orange",
  "block.bmaddon.spinach_plant_2": "Spinach Plant Stage 2",
  "block.bmaddon.spinach_plant_1": "Spinach Plant Stage 1",
  "block.beyondfarming.spinach_plant_0": "Spinach Plant Stage 0",
  "block.bmaddon.spinach_plant_3": "Spinach Plant Stage 3",
  "block.beyondfarming.cumin_plant_2": "Cumin Plant Stage 2",
  "block.beyondfarming.cumin_plant_1": "Cumin Plant Stage 1",
  "item.bmaddon.rye": "Rye",
  "block.beyondfarming.cumin_plant_3": "Cumin Plant Stage 3",
  "item.beyondfarming.pumpkin_soup": "Pumpkin Soup",
  "block.bmaddon.tomato_plant_7": "Tomato Plant Stage 7",
  "block.beyondfarming.cumin_plant_0": "Cumin Plant Stage 0",
  "block.bmaddon.tomato_plant_5": "Tomato Plant Stage 5",
  "item.beyondfarming.rice": "Rice",
  "block.bmaddon.tomato_plant_6": "Tomato Plant Stage 6",
  "block.bmaddon.tomato_plant_3": "Tomato Plant Stage 3",
  "block.bmaddon.tomato_plant_4": "Tomato Plant Stage 4",
  "block.bmaddon.tomato_plant_1": "Tomato Plant Stage 1",
  "block.beyondmines_armor.pranktorium_ore": "Pranktorium Ore",
  "block.bmaddon.tomato_plant_2": "Tomato Plant Stage 2",
  "subtitles.block.amethyst.step": "subtitles.block.generic.footsteps",
  "block.bmaddon.tomato_plant_0": "Tomato Plant Stage 0",
  "item.bmfarming.lettuce": "Lettuce",
  "item.bmfarming.raspberry": "Raspberies",
  "block.bmfarming.barley_plant_4": "Barley Plant Stage 4",
  "block.bmfarming.barley_plant_5": "Barley Plant Stage 5",
  "block.bmfarming.barley_plant_6": "Barley Plant Stage 6",
  "block.bmfarming.barley_plant_7": "Barley Plant Stage 7",
  "item.bmaddon.blackberry": "Blackberies",
  "block.bmfarming.barley_plant_0": "Barley Plant Stage 0",
  "item.beyondfarming.pizza": "Pizza",
  "item.bmfarming.smoothie": "Smoothie",
  "block.bmfarming.barley_plant_1": "Barley Plant Stage 1",
  "block.bmfarming.barley_plant_2": "Barley Plant Stage 2",
  "block.bmfarming.barley_plant_3": "Barley Plant Stage 3",
  "block.bmfarming.tomato_plant_7": "Tomato Plant Stage 7",
  "block.bmaddon.quinoa_plant_0": "Quinoa Plant Stage 0",
  "block.bmaddon.quinoa_plant_1": "Quinoa Plant Stage 1",
  "item.bmfarming.peanut": "Peanut",
  "block.bmaddon.quinoa_plant_2": "Quinoa Plant Stage 2",
  "block.bmfarming.tomato_plant_3": "Tomato Plant Stage 3",
  "block.bmaddon.quinoa_plant_3": "Quinoa Plant Stage 3",
  "block.bmfarming.tomato_plant_4": "Tomato Plant Stage 4",
  "item.beyondfarming.broccoli": "Broccoli",
  "block.bmfarming.tomato_plant_5": "Tomato Plant Stage 5",
  "block.bmfarming.tomato_plant_6": "Tomato Plant Stage 6",
  "item.bmfarming.soybean_seeds": "Soybean Seeds",
  "item.bmaddon.caeser_salad": "Caeser Salad",
  "block.bmfarming.tomato_plant_0": "Tomato Plant Stage 0",
  "block.bmfarming.tomato_plant_1": "Tomato Plant Stage 1",
  "block.bmfarming.tomato_plant_2": "Tomato Plant Stage 2",
  "item.bmaddon.tomato_seeds": "Tomato Seeds",
  "item.beyondfarming.borscht": "Borscht",
  "block.bmaddon.blueberry_bush_empty": "Blueberry Bush Empty",
  "item.beyondfarming.tofu": "Tofu",
  "item.bmaddon.egg_sandwich": "Egg Sandwich",
  "item.beyondfarming.spaghetti": "Spaghetti",
  "item.bmaddon.baked_sweet_potato": "Baked Sweet Potato",
  "block.bmaddon.onion_plant_4": "Onion Plant Stage 4",
  "block.bmaddon.onion_plant_5": "Onion Plant Stage 5",
  "block.bmaddon.onion_plant_6": "Onion Plant Stage 6",
  "block.bmaddon.onion_plant_7": "Onion Plant Stage 7",
  "item.bmaddon.fried_rice": "Fried Rice",
  "block.bmfarming.strawberry_bush": "Strawberry Bush",
  "block.beyondfarming.eggplant_7": "Eggplant Plant Stage 7",
  "item.beyondmines_armor.triclassiumtools_axe": "Triclassium Axe",
  "item.bmfarming.beef_and_broccoli": "Beef and Broccoli",
  "item.bmfarming.fish_sandwich": "Fish Sandwich",
  "item.beyondmines_armor.mementoa_chestplate": "Mementoria Chestplate",
  "item.bmfarming.peanut_butter_cookie": "Peanut Butter Cookie",
  "item.bmaddon.cooked_egg": "Cooked Egg",
  "block.bmfarming.onion_plant_0": "Onion Plant Stage 0",
  "block.bmfarming.onion_plant_1": "Onion Plant Stage 1",
  "block.bmfarming.onion_plant_2": "Onion Plant Stage 2",
  "block.bmfarming.onion_plant_3": "Onion Plant Stage 3",
  "block.bmfarming.onion_plant_4": "Onion Plant Stage 4",
  "block.bmfarming.onion_plant_5": "Onion Plant Stage 5",
  "block.bmfarming.onion_plant_6": "Onion Plant Stage 6",
  "block.bmfarming.onion_plant_7": "Onion Plant Stage 7",
  "block.bmaddon.onion_plant_0": "Onion Plant Stage 0",
  "block.beyondfarming.eggplant_6": "Eggplant Plant Stage 6",
  "block.bmaddon.onion_plant_1": "Onion Plant Stage 1",
  "block.beyondfarming.eggplant_5": "Eggplant Plant Stage 5",
  "block.bmaddon.onion_plant_2": "Onion Plant Stage 2",
  "block.beyondfarming.eggplant_4": "Eggplant Plant Stage 4",
  "block.bmaddon.onion_plant_3": "Onion Plant Stage 3",
  "item.bmfarming.orange": "Orange",
  "block.beyondfarming.eggplant_3": "Eggplant Plant Stage 3",
  "block.beyondfarming.eggplant_2": "Eggplant Plant Stage 2",
  "item.beyondfarming.raspberry": "Raspberies",
  "block.beyondfarming.eggplant_1": "Eggplant Plant Stage 1",
  "block.beyondfarming.eggplant_0": "Eggplant Plant Stage 0",
  "item.bmaddon.sandwich": "Sandwich",
  "item.beyondfarming.tofu_scramble": "Tofu Scramble",
  "item.bmaddon.chocolate": "Chocolate",
  "item.bmaddon.cornbread": "Corn bread",
  "item.bmaddon.chili": "Chili",
  "item.bmfarming.mushroom_barley": "Mushroom Barley ",
  "item.beyondfarming.baked_sweet_potato": "Baked Sweet Potato",
  "block.beyondfarming.pepper_plant_3": "Pepper Plant Stage 3",
  "block.beyondfarming.pepper_plant_2": "Pepper Plant Stage 2",
  "item.beyondfarming.soybean_seeds": "Soybean Seeds",
  "block.beyondfarming.pepper_plant_1": "Pepper Plant Stage 1",
  "block.beyondfarming.pepper_plant_0": "Pepper Plant Stage 0",
  "block.bmaddon.barley_plant_2": "Barley Plant Stage 2",
  "block.bmaddon.barley_plant_3": "Barley Plant Stage 3",
  "block.bmaddon.barley_plant_0": "Barley Plant Stage 0",
  "block.bmaddon.barley_plant_1": "Barley Plant Stage 1",
  "block.bmfarming.yam_plant_3": "Yam Plant Stage 3",
  "block.bmfarming.yam_plant_2": "Yam Plant Stage 2",
  "block.bmfarming.yam_plant_1": "Yam Plant Stage 1",
  "item.beyondfarming.radish_seeds": "Radish Seeds",
  "block.bmfarming.yam_plant_0": "Yam Plant Stage 0",
  "item.beyondfarming.cotton": "Cotton",
  "block.bmaddon.barley_plant_6": "Barley Plant Stage 6",
  "item.bmfarming.pumpkin_soup": "Pumpkin Soup",
  "block.bmaddon.barley_plant_7": "Barley Plant Stage 7",
  "block.bmaddon.barley_plant_4": "Barley Plant Stage 4",
  "block.bmaddon.barley_plant_5": "Barley Plant Stage 5",
  "item.bmfarming.blueberry_pie": "Blueberry Pie",
  "block.beyondfarming.turnip_plant_3": "Turnip Plant Stage 3",
  "block.bmaddon.strawberry_bush_empty": "Strawberry Bush Empty",
  "block.beyondfarming.turnip_plant_1": "Turnip Plant Stage 1",
  "block.beyondfarming.turnip_plant_2": "Turnip Plant Stage 2",
  "block.beyondfarming.turnip_plant_0": "Turnip Plant Stage 0",
  "item.bmaddon.oat": "Oat",
  "item.bmfarming.tomato_seeds": "Tomato Seeds",
  "block.bmaddon.broccoli_plant_0": "Broccoli Plant Stage 0",
  "item.bmaddon.squid_ink_pasta": "Squid Ink Pasta",
  "block.bmaddon.broccoli_plant_1": "Broccoli Plant Stage 1",
  "block.beyondfarming.cherry_leaves_empty": "Cherry Leaves Empty",
  "block.bmaddon.broccoli_plant_2": "Broccoli Plant Stage 2",
  "block.bmaddon.broccoli_plant_3": "Broccoli Plant Stage 3",
  "block.beyondfarming.strawberry_bush_empty": "Strawberry Bush Empty",
  "item.bmfarming.cucumber_seeds": "Cucumber Seeds",
  "item.bmaddon.raspberry_pie": "Raspberry Pie",
  "item.bmaddon.broccoli_seed": "Broccoli Seeds",
  "block.beyondfarming.cheese_block_02": "Cheese Block",
  "block.beyondfarming.cheese_block_03": "Cheese Block",
  "block.beyondfarming.cheese_block_06": "Cheese Block",
  "item.bmfarming.borscht": "Borscht",
  "block.beyondfarming.cheese_block_04": "Cheese Block",
  "block.beyondfarming.cheese_block_05": "Cheese Block",
  "item.bmaddon.cucumber": "Cucumber",
  "block.bmfarming.cherry_sapling": "Cherry Sapling",
  "item.bmaddon.beef_curry": "Beef Curry",
  "block.beyondfarming.thin_log_leaves": "Thin Log with Leaves",
  "item.bmaddon.rice_bowl": "Rice Bowl",
  "item.beyondfarming.vegetable_curry": "Vegetable Curry",
  "block.bmaddon.rasberry_bush": "Raspberry Bush",
  "item.beyondmines_armor.sheepteriumbread": "Sheepterium Bread",
  "item.bmfarming.fish_fillet": "Fish Fillet",
  "block.bmfarming.corn_plant_0": "Corn Plant Stage 0",
  "block.beyondfarming.cotton_plant_0": "Cotton Plant Stage 0",
  "block.beyondfarming.cotton_plant_1": "Cotton Plant Stage 1",
  "block.bmfarming.corn_plant_3": "Corn Plant Stage 3",
  "block.beyondfarming.cotton_plant_2": "Cotton Plant Stage 2",
  "item.bmaddon.pumpkin_pie": "Pumpkin Pie",
  "block.bmfarming.corn_plant_4": "Corn Plant Stage 4",
  "block.beyondfarming.cotton_plant_3": "Cotton Plant Stage 3",
  "block.bmfarming.corn_plant_1": "Corn Plant Stage 1",
  "block.beyondfarming.cotton_plant_4": "Cotton Plant Stage 3",
  "block.bmfarming.corn_plant_2": "Corn Plant Stage 2",
  "block.beyondfarming.cotton_plant_5": "Cotton Plant Stage 5",
  "block.bmfarming.corn_plant_7": "Corn Plant Stage 7",
  "block.bmfarming.corn_plant_5": "Rye Plant Stage 5",
  "item.bmfarming.cucumber": "Cucumber",
  "block.bmfarming.corn_plant_6": "Corn Plant Stage 6",
  "item.beyondfarming.lasagna": "Lasagna",
  "item.bmfarming.sandwich": "Sandwich",
  "block.bmaddon.cherry_sapling": "Cherry Sapling",
  "block.beyondfarming.blueberry_bush": "Blueberry Bush",
  "item.beyondfarming.cassava": "Cassava",
  "item.bmaddon.quinoa": "Quinoa Seeds",
  "item.bmfarming.apple_pie": "Apple Pie",
  "block.bmfarming.rice_plant_5": "Rice Plant Stage 5",
  "block.beyondfarming.lettuce_plant_2": "Lettuce Plant Stage 2",
  "item.beyondfarming.pulled_pork_sandwich": "Pulled Pork Sandwich",
  "item.beyondmines_armor.mementoriumtools_sword": "Mementoria Sword",
  "block.bmfarming.rice_plant_4": "Rice Plant Stage 4",
  "block.beyondfarming.lettuce_plant_1": "Lettuce Plant Stage 1",
  "block.bmfarming.rice_plant_7": "Rice Plant Stage 7",
  "block.beyondfarming.lettuce_plant_0": "Lettuce Plant Stage 0",
  "block.bmfarming.rice_plant_6": "Rice Plant Stage 6",
  "block.beyondmines_armor.mementoriumwall": "Mementorium Wall",
  "block.beyondfarming.lettuce_plant_3": "Lettuce Plant Stage 3",
  "item.bmfarming.broccoli_cheese_soup": "Broccoli Cheese Soup",
  "item.beyondfarming.cotton_seeds": "Cotton Seeds",
  "block.bmfarming.rice_plant_1": "Rice Plant Stage 1",
  "block.bmfarming.rice_plant_0": "Rice Plant Stage 0",
  "block.bmfarming.rice_plant_3": "Rice Plant Stage 3",
  "item.beyondfarming.hotdog": "Hotdog",
  "block.bmfarming.rice_plant_2": "Rice Plant Stage 2",
  "item.bmfarming.cheese_burger": "Cheeseburger",
  "item.bmaddon.cucumber_soup": "Cucumber Soup",
  "item.beyondfarming.peanut_seeds": "Peanut Seeds",
  "block.beyondfarming.sorghum_plant_7_upper": "Sorghum Plant Stage 7 Upper",
  "block.bmaddon.soybean_plant_2": "Soybean Plant Stage 2",
  "block.bmaddon.soybean_plant_3": "Soybean Plant Stage 3",
  "block.bmaddon.soybean_plant_0": "Soybean Plant Stage 0",
  "block.bmaddon.soybean_plant_1": "Soybean Plant Stage 1",
  "block.beyondfarming.orange_leaves_empty": "Orange Leaves Empty",
  "item.bmfarming.turnip_beetroot_gratin": "Turnip Beetroot Gratin",
  "item.beyondfarming.corn_seeds": "Corn Seeds",
  "item.beyondmines_armor.mementorium": "Mementorium",
  "item.beyondfarming.quinoa": "Quinoa Seeds",
  "item.beyondfarming.fruit_salat": "Fruit Salad",
  "item.beyondfarming.mutton_curry": "Mutton Curry",
  "block.bmfarming.orange_log_leaves": "Orange Log with Leaves",
  "item.bmaddon.cucumber_seeds": "Cucumber Seeds",
  "item.bmaddon.turnip_beetroot_gratin": "Turnip Beetroot Gratin",
  "item.beyondfarming.sorghum_porridge": "Sorghum Porridge",
  "block.bmfarming.strawberry_bush_empty": "Strawberry Bush Empty",
  "item.beyondfarming.corn": "Corn",
  "block.beyondfarming.cotton_plant_6": "Cotton Plant Stage 6",
  "block.beyondfarming.cotton_plant_7": "Cotton Plant Stage 7",
  "block.beyondmines_armor.triclassiumwall": "Triclassium Wall",
  "item.bmfarming.pepper": "Pepper",
  "item.bmfarming.onion": "Onion"
}