{
  "block.atmospheric.rosewood_log": "Rosewood Log",
  "block.atmospheric.rosewood": "Rosewood",
  "block.atmospheric.stripped_rosewood_log": "Stripped Rosewood Log",
  "block.atmospheric.stripped_rosewood": "Stripped Rosewood",
  "block.atmospheric.rosewood_planks": "Rosewood Planks",
  "block.atmospheric.rosewood_stairs": "Rosewood Stairs",
  "block.atmospheric.rosewood_slab": "Rosewood Slab",
  "block.atmospheric.rosewood_pressure_plate": "Rosewood Pressure Plate",
  "block.atmospheric.rosewood_button": "Rosewood Button",
  "block.atmospheric.rosewood_door": "Rosewood Door",
  "block.atmospheric.rosewood_trapdoor": "Rosewood Trapdoor",
  "block.atmospheric.rosewood_fence": "Rosewood Fence",
  "block.atmospheric.rosewood_fence_gate": "Rosewood Fence Gate",
  "block.atmospheric.rosewood_sapling": "Rosewood Sapling",
  "block.atmospheric.rosewood_leaves": "Rosewood Leaves",
  "block.atmospheric.rosewood_sign": "Rosewood Sign",
  "block.atmospheric.rosewood_wall_sign": "Rosewood Wall Sign",
  "block.atmospheric.rosewood_boards": "Rosewood Boards",
  "block.atmospheric.rosewood_leaf_pile": "Pile of Rosewood Leaves",
  "block.atmospheric.rosewood_bookshelf": "Rosewood Bookshelf",
  "block.atmospheric.rosewood_vertical_slab": "Rosewood Vertical Slab",
  "block.atmospheric.vertical_rosewood_planks": "Vertical Rosewood Planks",
  "block.atmospheric.rosewood_ladder": "Rosewood Ladder",
  "block.atmospheric.rosewood_leaf_carpet": "Rosewood Leaf Carpet",
  "block.atmospheric.rosewood_chest": "Rosewood Chest",
  "block.atmospheric.rosewood_trapped_chest": "Rosewood Trapped Chest",
  "block.atmospheric.rosewood_beehive": "Rosewood Beehive",
  "block.atmospheric.rosewood_post": "Rosewood Post",
  "block.atmospheric.stripped_rosewood_post": "Stripped Rosewood Post",
  "block.atmospheric.rosewood_hedge": "Rosewood Hedge",

  "block.atmospheric.morado_log": "Morado Log",
  "block.atmospheric.morado_wood": "Morado Wood",
  "block.atmospheric.stripped_morado_log": "Stripped Morado Log",
  "block.atmospheric.stripped_morado_wood": "Stripped Morado Wood",
  "block.atmospheric.morado_planks": "Morado Planks",
  "block.atmospheric.morado_stairs": "Morado Stairs",
  "block.atmospheric.morado_slab": "Morado Slab",
  "block.atmospheric.morado_pressure_plate": "Morado Pressure Plate",
  "block.atmospheric.morado_button": "Morado Button",
  "block.atmospheric.morado_door": "Morado Door",
  "block.atmospheric.morado_trapdoor": "Morado Trapdoor",
  "block.atmospheric.morado_fence": "Morado Fence",
  "block.atmospheric.morado_fence_gate": "Morado Fence Gate",
  "block.atmospheric.morado_sapling": "Morado Sapling",
  "block.atmospheric.morado_leaves": "Morado Leaves",
  "block.atmospheric.flowering_morado_leaves": "Flowering Morado Leaves",
  "block.atmospheric.morado_sign": "Morado Sign",
  "block.atmospheric.morado_wall_sign": "Morado Wall Sign",
  "block.atmospheric.morado_boards": "Morado Boards",
  "block.atmospheric.morado_leaf_pile": "Pile of Morado Leaves",
  "block.atmospheric.flowering_morado_leaf_pile": "Pile of Flowering Morado Leaves",
  "block.atmospheric.morado_bookshelf": "Morado Bookshelf",
  "block.atmospheric.morado_vertical_slab": "Morado Vertical Slab",
  "block.atmospheric.vertical_morado_planks": "Vertical Morado Planks",
  "block.atmospheric.morado_ladder": "Morado Ladder",
  "block.atmospheric.morado_leaf_carpet": "Morado Leaf Carpet",
  "block.atmospheric.flowering_morado_leaf_carpet": "Flowering Morado Leaf Carpet",
  "block.atmospheric.morado_chest": "Morado Chest",
  "block.atmospheric.morado_trapped_chest": "Morado Trapped Chest",
  "block.atmospheric.morado_beehive": "Morado Beehive",
  "block.atmospheric.morado_post": "Morado Post",
  "block.atmospheric.stripped_morado_post": "Stripped Morado Post",
  "block.atmospheric.morado_hedge": "Morado Hedge",
  "block.atmospheric.flowering_morado_hedge": "Flowering Morado Hedge",
  
  "block.atmospheric.warm_monkey_brush": "Warm Monkey Brush",
  "block.atmospheric.hot_monkey_brush": "Hot Monkey Brush",
  "block.atmospheric.scalding_monkey_brush": "Scalding Monkey Brush",
  "block.atmospheric.potted_warm_monkey_brush": "Potted Warm Monkey Brush",
  "block.atmospheric.potted_hot_monkey_brush": "Potted Hot Monkey Brush",
  "block.atmospheric.potted_scalding_monkey_brush": "Potted Scalding Monkey Brush",
  "block.atmospheric.potted_rosewood_sapling": "Potted Rosewood Sapling",
  "block.atmospheric.potted_morado_sapling": "Potted Morado Sapling",

  "block.atmospheric.passion_vine": "Passion Vine",
  "block.atmospheric.passion_vine_bundle": "Passion Vine Bundle",

  "block.atmospheric.water_hyacinth": "Water Hyacinth",
  "block.atmospheric.potted_water_hyacinth": "Potted Water Hyacinth",

  "block.atmospheric.passionfruit_crate": "Passionfruit Crate",
  "block.atmospheric.shimmering_passionfruit_crate": "Shimmering Passionfruit Crate",

  "block.atmospheric.yucca_log": "Yucca Log",
  "block.atmospheric.yucca_wood": "Yucca Wood",
  "block.atmospheric.stripped_yucca_log": "Stripped Yucca Log",
  "block.atmospheric.stripped_yucca_wood": "Stripped Yucca Wood",
  "block.atmospheric.yucca_planks": "Yucca Planks",
  "block.atmospheric.yucca_stairs": "Yucca Stairs",
  "block.atmospheric.yucca_slab": "Yucca Slab",
  "block.atmospheric.yucca_pressure_plate": "Yucca Pressure Plate",
  "block.atmospheric.yucca_button": "Yucca Button",
  "block.atmospheric.yucca_door": "Yucca Door",
  "block.atmospheric.yucca_trapdoor": "Yucca Trapdoor",
  "block.atmospheric.yucca_fence": "Yucca Fence",
  "block.atmospheric.yucca_fence_gate": "Yucca Fence Gate",
  "block.atmospheric.yucca_sapling": "Yucca Sapling",
  "block.atmospheric.yucca_leaves": "Yucca Leaves",
  "block.atmospheric.yucca_sign": "Yucca Sign",
  "block.atmospheric.yucca_wall_sign": "Yucca Wall Sign",
  "block.atmospheric.yucca_boards": "Yucca Boards",
  "block.atmospheric.yucca_leaf_pile": "Pile of Yucca Leaves",
  "block.atmospheric.yucca_bookshelf": "Yucca Bookshelf",
  "block.atmospheric.yucca_vertical_slab": "Yucca Vertical Slab",
  "block.atmospheric.vertical_yucca_planks": "Vertical Yucca Planks",
  "block.atmospheric.yucca_ladder": "Yucca Ladder",
  "block.atmospheric.yucca_leaf_carpet": "Yucca Leaf Carpet",
  "block.atmospheric.yucca_chest": "Yucca Chest",
  "block.atmospheric.yucca_trapped_chest": "Yucca Trapped Chest",
  "block.atmospheric.yucca_beehive": "Yucca Beehive",
  "block.atmospheric.yucca_post": "Yucca Post",
  "block.atmospheric.stripped_yucca_post": "Stripped Yucca Post",
  "block.atmospheric.yucca_hedge": "Yucca Hedge",

  "block.atmospheric.yucca_flower": "Yucca Flower",
  "block.atmospheric.tall_yucca_flower": "Tall Yucca Flower",
  "block.atmospheric.yucca_branch": "Yucca Branch",
  "block.atmospheric.yucca_bundle": "Yucca Bundle",
  "block.atmospheric.roasted_yucca_bundle": "Roasted Yucca Bundle",

  "block.atmospheric.potted_yucca_sapling": "Potted Yucca Sapling",
  "block.atmospheric.potted_yucca_flower": "Potted Yucca Flower",
  "block.atmospheric.potted_barrel_cactus": "Potted Barrel Cactus",
  "block.atmospheric.potted_gilia": "Potted Gilia",

  "block.atmospheric.yucca_cask": "Yucca Cask",
  "block.atmospheric.roasted_yucca_cask": "Roasted Yucca Cask",
  "block.atmospheric.yucca_gateau": "Yucca Gateau",

  "block.atmospheric.arid_sprouts": "Arid Sprouts",
  "block.atmospheric.barrel_cactus": "Barrel Cactus",
  "block.atmospheric.barrel_cactus_batch": "Barrel Cactus Batch",
  "block.atmospheric.aloe_vera": "Aloe Vera",
  "block.atmospheric.tall_aloe_vera": "Tall Aloe Vera",
  "block.atmospheric.aloe_bundle": "Aloe Bundle",
  "block.atmospheric.aloe_gel_block": "Aloe Gel Block",
  "block.atmospheric.gilia": "Gilia",

  "block.atmospheric.arid_sand": "Arid Sand",
  "block.atmospheric.arid_sandstone": "Arid Sandstone",
  "block.atmospheric.arid_sandstone_stairs": "Arid Sandstone Stairs",
  "block.atmospheric.arid_sandstone_slab": "Arid Sandstone Slab",
  "block.atmospheric.arid_sandstone_wall": "Arid Sandstone Wall",
  "block.atmospheric.chiseled_arid_sandstone": "Chiseled Arid Sandstone",
  "block.atmospheric.cut_arid_sandstone": "Cut Arid Sandstone",
  "block.atmospheric.cut_arid_sandstone_slab": "Cut Arid Sandstone Slab",
  "block.atmospheric.smooth_arid_sandstone": "Smooth Arid Sandstone",
  "block.atmospheric.smooth_arid_sandstone_stairs": "Smooth Arid Sandstone Stairs",
  "block.atmospheric.smooth_arid_sandstone_slab": "Smooth Arid Sandstone Slab",

  "block.atmospheric.arid_sandstone_vertical_slab": "Arid Sandstone Vertical Slab",
  "block.atmospheric.cut_arid_sandstone_vertical_slab": "Cut Arid Sandstone Vertical Slab",
  "block.atmospheric.smooth_arid_sandstone_vertical_slab": "Smooth Arid Sandstone Vertical Slab",
  "block.atmospheric.arid_sandstone_brick_vertical_slab": "Arid Sandstone Brick Vertical Slab",
  "block.atmospheric.arid_sandstone_bricks": "Arid Sandstone Bricks",
  "block.atmospheric.arid_sandstone_brick_stairs": "Arid Sandstone Brick Stairs",
  "block.atmospheric.arid_sandstone_brick_slab": "Arid Sandstone Brick Slab",
  "block.atmospheric.arid_sandstone_brick_wall": "Arid Sandstone Brick Wall",

  "block.atmospheric.red_arid_sand": "Red Arid Sand",
  "block.atmospheric.red_arid_sandstone": "Red Arid Sandstone",
  "block.atmospheric.red_arid_sandstone_stairs": "Red Arid Sandstone Stairs",
  "block.atmospheric.red_arid_sandstone_slab": "Red Arid Sandstone Slab",
  "block.atmospheric.red_arid_sandstone_wall": "Red Arid Sandstone Wall",
  "block.atmospheric.chiseled_red_arid_sandstone": "Chiseled Red Arid Sandstone",
  "block.atmospheric.cut_red_arid_sandstone": "Cut Red Arid Sandstone",
  "block.atmospheric.cut_red_arid_sandstone_slab": "Cut Red Arid Sandstone Slab",
  "block.atmospheric.smooth_red_arid_sandstone": "Smooth Red Arid Sandstone",
  "block.atmospheric.smooth_red_arid_sandstone_stairs": "Smooth Red Arid Sandstone Stairs",
  "block.atmospheric.smooth_red_arid_sandstone_slab": "Smooth Red Arid Sandstone Slab",

  "block.atmospheric.red_arid_sandstone_vertical_slab": "Red Arid Sandstone Vertical Slab",
  "block.atmospheric.cut_red_arid_sandstone_vertical_slab": "Cut Red Arid Sandstone Vertical Slab",
  "block.atmospheric.smooth_red_arid_sandstone_vertical_slab": "Smooth Red Arid Sandstone Vertical Slab",
  "block.atmospheric.red_arid_sandstone_brick_vertical_slab": "Red Arid Sandstone Brick Vertical Slab",
  "block.atmospheric.red_arid_sandstone_bricks": "Red Arid Sandstone Bricks",
  "block.atmospheric.red_arid_sandstone_brick_stairs": "Red Arid Sandstone Brick Stairs",
  "block.atmospheric.red_arid_sandstone_brick_slab": "Red Arid Sandstone Brick Slab",
  "block.atmospheric.red_arid_sandstone_brick_wall": "Red Arid Sandstone Brick Wall",

  "block.atmospheric.ivory_travertine": "Ivory Travertine",
  "block.atmospheric.chiseled_ivory_travertine": "Chiseled Ivory Travertine",
  "block.atmospheric.cut_ivory_travertine": "Cut Ivory Travertine",
  "block.atmospheric.ivory_travertine_stairs": "Ivory Travertine Stairs",
  "block.atmospheric.ivory_travertine_slab": "Ivory Travertine Slab",
  "block.atmospheric.ivory_travertine_wall": "Ivory Travertine Wall",
  "block.atmospheric.ivory_travertine_vertical_slab": "Ivory Travertine Vertical Slab",

  "block.atmospheric.peach_travertine": "Peach Travertine",
  "block.atmospheric.chiseled_peach_travertine": "Chiseled Peach Travertine",
  "block.atmospheric.cut_peach_travertine": "Cut Peach Travertine",
  "block.atmospheric.peach_travertine_stairs": "Peach Travertine Stairs",
  "block.atmospheric.peach_travertine_slab": "Peach Travertine Slab",
  "block.atmospheric.peach_travertine_wall": "Peach Travertine Wall",
  "block.atmospheric.peach_travertine_vertical_slab": "Peach Travertine Vertical Slab",

  "block.atmospheric.persimmon_travertine": "Persimmon Travertine",
  "block.atmospheric.chiseled_persimmon_travertine": "Chiseled Persimmon Travertine",
  "block.atmospheric.persimmon_travertine_stairs": "Persimmon Travertine Stairs",
  "block.atmospheric.cut_persimmon_travertine": "Cut Persimmon Travertine",
  "block.atmospheric.persimmon_travertine_slab": "Persimmon Travertine Slab",
  "block.atmospheric.persimmon_travertine_wall": "Persimmon Travertine Wall",
  "block.atmospheric.persimmon_travertine_vertical_slab": "Persimmon Travertine Vertical Slab",

  "block.atmospheric.saffron_travertine": "Saffron Travertine",
  "block.atmospheric.chiseled_saffron_travertine": "Chiseled Saffron Travertine",
  "block.atmospheric.cut_saffron_travertine": "Cut Saffron Travertine",
  "block.atmospheric.saffron_travertine_stairs": "Saffron Travertine Stairs",
  "block.atmospheric.saffron_travertine_slab": "Saffron Travertine Slab",
  "block.atmospheric.saffron_travertine_wall": "Saffron Travertine Wall",
  "block.atmospheric.saffron_travertine_vertical_slab": "Saffron Travertine Vertical Slab",

  "block.atmospheric.kousa_log": "Kousa Log",
  "block.atmospheric.kousa_wood": "Kousa Wood",
  "block.atmospheric.stripped_kousa_log": "Stripped Kousa Log",
  "block.atmospheric.stripped_kousa_wood": "Stripped Kousa Wood",
  "block.atmospheric.kousa_planks": "Kousa Planks",
  "block.atmospheric.kousa_stairs": "Kousa Stairs",
  "block.atmospheric.kousa_slab": "Kousa Slab",
  "block.atmospheric.kousa_pressure_plate": "Kousa Pressure Plate",
  "block.atmospheric.kousa_button": "Kousa Button",
  "block.atmospheric.kousa_door": "Kousa Door",
  "block.atmospheric.kousa_trapdoor": "Kousa Trapdoor",
  "block.atmospheric.kousa_fence": "Kousa Fence",
  "block.atmospheric.kousa_fence_gate": "Kousa Fence Gate",
  "block.atmospheric.kousa_sapling": "Kousa Sapling",
  "block.atmospheric.potted_kousa_sapling": "Potted Kousa Sapling",
  "block.atmospheric.kousa_leaves": "Kousa Leaves",
  "block.atmospheric.kousa_sign": "Kousa Sign",
  "block.atmospheric.kousa_wall_sign": "Kousa Wall Sign",
  "block.atmospheric.kousa_boards": "Kousa Boards",
  "block.atmospheric.kousa_leaf_pile": "Pile of Kousa Leaves",
  "block.atmospheric.kousa_bookshelf": "Kousa Bookshelf",
  "block.atmospheric.kousa_vertical_slab": "Kousa Vertical Slab",
  "block.atmospheric.vertical_kousa_planks": "Vertical Kousa Planks",
  "block.atmospheric.kousa_ladder": "Kousa Ladder",
  "block.atmospheric.kousa_leaf_carpet": "Kousa Leaf Carpet",
  "block.atmospheric.kousa_chest": "Kousa Chest",
  "block.atmospheric.kousa_trapped_chest": "Kousa Trapped Chest",
  "block.atmospheric.kousa_beehive": "Kousa Beehive",
  "block.atmospheric.kousa_post": "Kousa Post",
  "block.atmospheric.stripped_kousa_post": "Stripped Kousa Post",
  "block.atmospheric.kousa_hedge": "Kousa Hedge",

  "block.atmospheric.crustose": "Crustose",
  "block.atmospheric.crustose_path": "Crustose Path",
  "block.atmospheric.crustose_log": "Crustose Log",
  "block.atmospheric.crustose_wood": "Crustose Wood",

  "block.atmospheric.aspen_log": "Aspen Log",
  "block.atmospheric.aspen_wood": "Aspen Wood",
  "block.atmospheric.stripped_aspen_log": "Stripped Aspen Log",
  "block.atmospheric.stripped_aspen_wood": "Stripped Aspen Wood",
  "block.atmospheric.watchful_aspen_log": "Watchful Aspen Log",
  "block.atmospheric.watchful_aspen_wood": "Watchful Aspen Wood",
  "block.atmospheric.aspen_planks": "Aspen Planks",
  "block.atmospheric.aspen_stairs": "Aspen Stairs",
  "block.atmospheric.aspen_slab": "Aspen Slab",
  "block.atmospheric.aspen_pressure_plate": "Aspen Pressure Plate",
  "block.atmospheric.aspen_button": "Aspen Button",
  "block.atmospheric.aspen_door": "Aspen Door",
  "block.atmospheric.aspen_trapdoor": "Aspen Trapdoor",
  "block.atmospheric.aspen_fence": "Aspen Fence",
  "block.atmospheric.aspen_fence_gate": "Aspen Fence Gate",
  "block.atmospheric.aspen_sapling": "Aspen Sapling",
  "block.atmospheric.potted_aspen_sapling": "Potted Aspen Sapling",
  "block.atmospheric.aspen_leaves": "Aspen Leaves",
  "block.atmospheric.aspen_sign": "Aspen Sign",
  "block.atmospheric.aspen_wall_sign": "Aspen Wall Sign",
  "block.atmospheric.aspen_boards": "Aspen Boards",
  "block.atmospheric.aspen_leaf_pile": "Pile of Aspen Leaves",
  "block.atmospheric.aspen_bookshelf": "Aspen Bookshelf",
  "block.atmospheric.aspen_vertical_slab": "Aspen Vertical Slab",
  "block.atmospheric.vertical_aspen_planks": "Vertical Aspen Planks",
  "block.atmospheric.aspen_ladder": "Aspen Ladder",
  "block.atmospheric.aspen_leaf_carpet": "Aspen Leaf Carpet",
  "block.atmospheric.aspen_chest": "Aspen Chest",
  "block.atmospheric.aspen_trapped_chest": "Aspen Trapped Chest",
  "block.atmospheric.aspen_beehive": "Aspen Beehive",
  "block.atmospheric.aspen_post": "Aspen Post",
  "block.atmospheric.stripped_aspen_post": "Stripped Aspen Post",
  "block.atmospheric.watchful_aspen_post": "Watchful Aspen Post",
  "block.atmospheric.aspen_hedge": "Aspen Hedge",

  "block.atmospheric.grimwood_log": "Grimwood Log",
  "block.atmospheric.grimwood": "Grimwood",
  "block.atmospheric.stripped_grimwood_log": "Stripped Grimwood Log",
  "block.atmospheric.stripped_grimwood": "Stripped Grimwood",
  "block.atmospheric.grimwood_planks": "Grimwood Planks",
  "block.atmospheric.grimwood_stairs": "Grimwood Stairs",
  "block.atmospheric.grimwood_slab": "Grimwood Slab",
  "block.atmospheric.grimwood_pressure_plate": "Grimwood Pressure Plate",
  "block.atmospheric.grimwood_button": "Grimwood Button",
  "block.atmospheric.grimwood_door": "Grimwood Door",
  "block.atmospheric.grimwood_trapdoor": "Grimwood Trapdoor",
  "block.atmospheric.grimwood_fence": "Grimwood Fence",
  "block.atmospheric.grimwood_fence_gate": "Grimwood Fence Gate",
  "block.atmospheric.grimwood_sapling": "Grimwood Sapling",
  "block.atmospheric.potted_grimwood_sapling": "Potted Grimwood Sapling",
  "block.atmospheric.grimwood_leaves": "Grimwood Leaves",
  "block.atmospheric.grimwood_sign": "Grimwood Sign",
  "block.atmospheric.grimwood_wall_sign": "Grimwood Wall Sign",
  "block.atmospheric.grimwood_boards": "Grimwood Boards",
  "block.atmospheric.grimwood_leaf_pile": "Pile of Grimwood Leaves",
  "block.atmospheric.grimwood_bookshelf": "Grimwood Bookshelf",
  "block.atmospheric.grimwood_vertical_slab": "Grimwood Vertical Slab",
  "block.atmospheric.vertical_grimwood_planks": "Vertical Grimwood Planks",
  "block.atmospheric.grimwood_ladder": "Grimwood Ladder",
  "block.atmospheric.grimwood_leaf_carpet": "Grimwood Leaf Carpet",
  "block.atmospheric.grimwood_chest": "Grimwood Chest",
  "block.atmospheric.grimwood_trapped_chest": "Grimwood Trapped Chest",
  "block.atmospheric.grimwood_beehive": "Grimwood Beehive",
  "block.atmospheric.grimwood_post": "Grimwood Post",
  "block.atmospheric.stripped_grimwood_post": "Stripped Grimwood Post",
  "block.atmospheric.grimwood_hedge": "Grimwood Hedge",

  "item.atmospheric.rosewood_boat": "Rosewood Boat",
  "item.atmospheric.rosewood_furnace_boat": "Rosewood Boat with Furnace",
  "item.atmospheric.rosewood_chest_boat": "Rosewood Boat with Chest",
  "item.atmospheric.large_rosewood_boat": "Large Rosewood Boat",
  "item.atmospheric.morado_boat": "Morado Boat",
  "item.atmospheric.morado_furnace_boat": "Morado Boat with Furnace",
  "item.atmospheric.morado_chest_boat": "Morado Boat with Chest",
  "item.atmospheric.large_morado_boat": "Large Morado Boat",
  "item.atmospheric.yucca_boat": "Yucca Boat",
  "item.atmospheric.yucca_furnace_boat": "Yucca Boat with Furnace",
  "item.atmospheric.yucca_chest_boat": "Yucca Boat with Chest",
  "item.atmospheric.large_yucca_boat": "Large Yucca Boat",
  "item.atmospheric.kousa_boat": "Kousa Boat",
  "item.atmospheric.kousa_furnace_boat": "Kousa Boat with Furnace",
  "item.atmospheric.kousa_chest_boat": "Kousa Boat with Chest",
  "item.atmospheric.large_kousa_boat": "Large Kousa Boat",
  "item.atmospheric.aspen_boat": "Aspen Boat",
  "item.atmospheric.aspen_furnace_boat": "Aspen Boat with Furnace",
  "item.atmospheric.aspen_chest_boat": "Aspen Boat with Chest",
  "item.atmospheric.large_aspen_boat": "Large Aspen Boat",
  "item.atmospheric.grimwood_boat": "Grimwood Boat",
  "item.atmospheric.grimwood_furnace_boat": "Grimwood Boat with Furnace",
  "item.atmospheric.grimwood_chest_boat": "Grimwood Boat with Chest",
  "item.atmospheric.large_grimwood_boat": "Large Grimwood Boat",

  "item.atmospheric.passionfruit": "Passionfruit",
  "item.atmospheric.shimmering_passionfruit": "Shimmering Passionfruit",
  "item.atmospheric.passionfruit_tart": "Passionfruit Tart",
  "item.atmospheric.passionfruit_sorbet": "Passionfruit Sorbet",
  "item.atmospheric.passion_vine_coil": "Passion Vine Coil",

  "item.atmospheric.yucca_fruit": "Yucca Fruit",
  "item.atmospheric.roasted_yucca_fruit": "Roasted Yucca Fruit",
  "item.atmospheric.aloe_kernels": "Aloe Kernels",
  "item.atmospheric.aloe_leaves": "Aloe Leaves",
  "item.atmospheric.aloe_gel_bottle": "Aloe Gel Bottle",
  "item.atmospheric.yellow_blossoms": "Yellow Blossoms",

  "effect.atmospheric.relief": "Relief",
  "effect.atmospheric.worsening": "Worsening",
  "effect.atmospheric.spitting": "Spitting",
  "effect.atmospheric.persistence": "Persistence",

  "biome.atmospheric.rainforest": "Rainforest",
  "biome.atmospheric.sparse_rainforest": "Sparse Rainforest",
  "biome.atmospheric.rainforest_basin": "Rainforest Basin",
  "biome.atmospheric.sparse_rainforest_basin": "Sparse Rainforest Basin",

  "biome.atmospheric.dunes": "Dunes",
  "biome.atmospheric.flourishing_dunes": "Flourishing Dunes",
  "biome.atmospheric.rocky_dunes": "Rocky Dunes",
  "biome.atmospheric.petrified_dunes": "Petrified Dunes",

  "biome.atmospheric.hot_springs": "Hot Springs",

  "entity.atmospheric.passionfruit_seed": "Passionfruit Seed",

  "death.attack.atmospheric.passionfruitSeed": "%1$s was barraged to death by %2$s's seeds",
  "death.attack.atmospheric.shimmeringPassionfruitSeed": "%1$s was passionately barraged to death by %2$s's seeds",
  "death.attack.atmospheric.yuccaSapling": "%1$s was sliced by a yucca sapling",
  "death.attack.atmospheric.yuccaSapling.player": "%1$s was sliced by a yucca sapling whilst trying to escape %2$s",
  "death.attack.atmospheric.yuccaFlower": "%1$s was sliced by a yucca flower",
  "death.attack.atmospheric.yuccaFlower.player": "%1$s was sliced by a yucca flower whilst trying to escape %2$s",
  "death.attack.atmospheric.yuccaBranch": "%1$s was sliced by a yucca branch",
  "death.attack.atmospheric.yuccaBranch.player": "%1$s was sliced by a yucca branch whilst trying to escape %2$s",
  "death.attack.atmospheric.yuccaLeaves": "%1$s was sliced by yucca leaves",
  "death.attack.atmospheric.yuccaLeaves.player": "%1$s was sliced by yucca leaves whilst trying to escape %2$s",
  "death.attack.atmospheric.barrelCactus": "%1$s ran into a barrel cactus",
  "death.attack.atmospheric.barrelCactus.player": "%1$s ran into a barrel cactus whilst trying to escape %2$s",
  "death.attack.atmospheric.aloeLeaves": "%1$s was pricked by aloe leaves",
  "death.attack.atmospheric.aloeLeaves.player": "%1$s pricked by aloe leaves whilst trying to escape %2$s",

  "advancements.atmospheric.husbandry.spit_passionfruit.title": "Spit-Take",
  "advancements.atmospheric.husbandry.spit_passionfruit.description": "Hit an enemy with passion seeds from a passionfruit",
  "advancements.atmospheric.husbandry.finish_gateau.title": "Let Them Eat... Cake?",
  "advancements.atmospheric.husbandry.finish_gateau.description": "Eat the last slice of Yucca Gateau",
  "advancements.atmospheric.adventure.dunes_pricks.title": "Sliced & Diced",
  "advancements.atmospheric.adventure.dunes_pricks.description": "Get pricked by all natural Dunes damage sources",
  "advancements.atmospheric.husbandry.put_out_fire.title": "Burn Baby, Burn",
  "advancements.atmospheric.husbandry.put_out_fire.description": "Save yourself from burning using Aloe Leaves",

  "tooltip.atmospheric.unobtainable": "Unobtainable",

  "item.minecraft.potion.effect.relief": "Potion of Relief",
  "item.minecraft.potion.effect.relief_strong": "Potion of Relief",
  "item.minecraft.potion.effect.relief_long": "Potion of Relief",
  "item.minecraft.splash_potion.effect.relief": "Splash Potion of Relief",
  "item.minecraft.splash_potion.effect.relief_strong": "Splash Potion of Relief",
  "item.minecraft.splash_potion.effect.relief_long": "Splash Potion of Relief",
  "item.minecraft.lingering_potion.effect.relief": "Lingering Potion of Relief",
  "item.minecraft.lingering_potion.effect.relief_strong": "Lingering Potion of Relief",
  "item.minecraft.lingering_potion.effect.relief_long": "Lingering Potion of Relief",
  "item.minecraft.tipped_arrow.effect.relief": "Arrow of Relief",
  "item.minecraft.tipped_arrow.effect.relief_strong": "Arrow of Relief",
  "item.minecraft.tipped_arrow.effect.relief_long": "Arrow of Relief",
  "item.minecraft.potion.effect.worsening": "Potion of Worsening",
  "item.minecraft.potion.effect.worsening_strong": "Potion of Worsening",
  "item.minecraft.potion.effect.worsening_long": "Potion of Worsening",
  "item.minecraft.splash_potion.effect.worsening": "Splash Potion of Worsening",
  "item.minecraft.splash_potion.effect.worsening_strong": "Splash Potion of Worsening",
  "item.minecraft.splash_potion.effect.worsening_long": "Splash Potion of Worsening",
  "item.minecraft.lingering_potion.effect.worsening": "Lingering Potion of Worsening",
  "item.minecraft.lingering_potion.effect.worsening_strong": "Lingering Potion of Worsening",
  "item.minecraft.lingering_potion.effect.worsening_long": "Lingering Potion of Worsening",
  "item.minecraft.tipped_arrow.effect.worsening": "Arrow of Worsening",
  "item.minecraft.tipped_arrow.effect.worsening_strong": "Arrow of Worsening",
  "item.minecraft.tipped_arrow.effect.worsening_long": "Arrow of Worsening"
}
