{
  "block.incubation.chicken_egg_crate": "Chicken Egg Crate",
  "block.incubation.hay_chicken_nest": "Hay Chicken Nest",
  "block.incubation.hay_duck_nest": "Hay Duck Nest",
  "block.incubation.hay_nest": "Hay Nest",
  "block.incubation.hay_turkey_nest": "Hay Turkey Nest",
  "block.incubation.turtle_egg_crate": "Turtle Egg Crate",
  "block.incubation.twig_chicken_nest": "Twig Chicken Nest",
  "block.incubation.twig_duck_nest": "Twig Duck Nest",
  "block.incubation.twig_nest": "Twig Nest",
  "block.incubation.twig_turkey_nest": "Twig Turkey Nest",
  "item.incubation.chicken_egg": "Chicken Egg",
  "item.incubation.fried_egg": "Fried Egg",
  "item.incubation.scrambled_eggs": "Scrambled Eggs"
}