{
  "subtitles.ironwandsoundeffect": "",
  "item.sorcerium.iron_wand": "Iron Wand",
  "item.sorcerium.vulcano_wand": "Vulcano Wand",
  "subtitles.boaboathepuffersound": "",
  "item.simple_sorcery.wisp_orb_item": "Wisp Orb ",
  "effect.sorcerium.mana_boost": "Mana Boost",
  "item.simple_sorcery.level_up": "Sorcery Level Up",
  "subtitles.levelup": "",
  "block.sorcerium.mana_crystal_chiseled_brick_stairs": "Chiseled Mana Crystal Brick Stairs",
  "item.simple_sorcery.frost_wand": "Frost Wand",
  "item.sorcerium.emerald_healing_wand": "Emerald Healing Wand",
  "block.simple_sorcery.black_marble_brick_slab": "Black Marble Brick Slab",
  "item.simple_sorcery.villager_staff": "Villager Staff",
  "block.simple_sorcery.mana_crystal_block": "Mana Crystal Block",
  "item.sorcerium.molten_crystal": "Molten Crystal",
  "block.sorcerium.magic_brass_candlestick": "Magic Brass Candlestick",
  "effect.mana_boost": "Mana Boost",
  "block.simple_sorcery.mana_crystal_2": "Mana Crystal",
  "block.sorcerium.mana_crystal_block": "Mana Crystal Block",
  "advancements.lvl_10_achievement.descr": "You Achieved Sorcery Level 10",
  "item.sorcerium.starlight_wand": "§6Starlight Wand",
  "item.sorcerium.wooden_healing_wand": "Wooden Healing Wand",
  "block.simple_sorcery.mana_crystal_chiseled_brick_slab": "Chiseled Mana Crystal Brick Slab",
  "block.sorcerium.empty_crystal_oak_log": "Empty Earth Crystal Oak Log",
  "subtitles.levelupsound": "",
  "itemGroup.tabssdevtools": "Sorcerium (DEV)",
  "item.sorcerium.water_staff": "Water Staff",
  "effect.sorcerium.sorcerous_strength": "Magic Strength",
  "entity.sorcerium.snow_block": "Ice Block",
  "block.simple_sorcery.black_marble_bricks": "Black Marble Bricks",
  "subtitles.levelupsoundeffect": "",
  "item.simple_sorcery.ice_crystal": "Ice Crystal",
  "item.sorcerium.mana_pearl": "Mana Pearl",
  "block.simple_sorcery.black_marble_slab": "Black Marble Slab",
  "block.sorcerium.mana_crystal_brick_slab": "Mana Crystal Brick Slab",
  "item.sorcerium.blazing_staff": "Blazing Staff",
  "entity.sorcerium.wisp_orb": "Wisp Orb",
  "item.sorcerium.ice_crystal": "Ice Crystal",
  "block.sorcerium.black_marble_brick_slab": "Black Marble Brick Slab",
  "advancements.lvl_achievement.descr": "Your Journey To Become The Archmage",
  "item.simple_sorcery.wandering_chest_item": "Wandering Chest ",
  "item.sorcerium.magma_block_spawn_egg": "Magma Block Spawn Egg",
  "block.simple_sorcery.magic_sphere": "Magic Sphere",
  "block.simple_sorcery.black_marble_charged_brick_slab": "Black Marble Charged Brick Slab",
  "item.sorcerium.howling_aurora_wand": "§dHowling Aurora Wand",
  "advancements.lvl_40_achievement.descr": "You Achieved Sorcery Level 40",
  "block.simple_sorcery.table": "Table",
  "item.simple_sorcery.ascent_core": "Ascent Core",
  "block.sorcerium.earth_crystal_spruce_log": "Earth Crystal Spruce Log",
  "item.sorcerium.gorgoyle_entity_spawn_egg": "Gorgoyle  Spawn Egg",
  "block.simple_sorcery.chair": "Chair",
  "item.sorcerium.ascent_core": "Ascent Core",
  "block.simple_sorcery.black_marble_tile_stairs": "Black Marble Tile Stairs",
  "item.simple_sorcery.copper_wand": "Electric Staff",
  "subtitles.earthstaffsound": "",
  "item.simple_sorcery.snow_block_spawn_egg": "Ice Block Spawn Egg",
  "block.sorcerium.mana_crystal_2": "Mana Crystal",
  "item.sorcerium.ice_trident": "Ice Trident",
  "item.sorcerium.copper_wand": "Electric Staff",
  "subtitles.natureelementhit": "",
  "subtitles.puffersound": "",
  "block.sorcerium.black_marble_small_bricks": "Black Marble Small Bricks",
  "item.sorcerium.demonseyeprojectile": "Demonseyeprojectile",
  "block.sorcerium.mana_crystal_block_stairs": "Mana Crystal Block Stairs",
  "entity.sorcerium.gorgoyle_entity": "Gorgoyle ",
  "item.sorcerium.thorn_wall_entity_spawn_egg": "Thorn Wall Spawn Egg",
  "item.simple_sorcery.ice_trident": "Ice Trident",
  "subtitles.drinkingdelightbarczalsound": "",
  "block.sorcerium.magic_sphere": "Magic Sphere",
  "block.sorcerium.black_marble_charged_bricks": "Black Marble Charged Bricks",
  "item.simple_sorcery.iron_wand": "Iron Wand",
  "item.sorcerium.earth_crystal": "Earth Crystal",
  "entity.sorcerium.earth_element_one_entity": "Nature Element",
  "item.sorcerium.red_mana_potion": "§cRed Mana Potion",
  "item.sorcerium.ascent_wand": "Ascent Wand",
  "advancements.lvl_30_achievement.descr": "You Achieved Sorcery Level 30",
  "item.simple_sorcery.netherite_healing_wand": "Netherite Healing Wand",
  "item.sorcerium.book_of_thornes": "Book Of Thornes",
  "item.sorcerium.spark_staff": "Spark Staff",
  "subtitles.copperwandshootingsound": "",
  "item.simple_sorcery.thorn_wall_entity_2_spawn_egg": "Thorn Wall Spawn Egg",
  "subtitles.natureelementspawn": "",
  "item.simple_sorcery.magma_block_spawn_egg": "Magma Block Spawn Egg",
  "item.simple_sorcery.earth_staff": "Earth Staff",
  "subtitles.magicspheresound": "",
  "entity.sorcerium.thorn_wall_entity": "Thorn Wall",
  "item.sorcerium.sage_guardian_wand": "Sage Guardian Wand",
  "block.simple_sorcery.black_marble_brick_stairs": "Black Marble Brick Stairs",
  "entity.simple_sorcery.wandering_chest": "Wandering Chest",
  "entity.simple_sorcery.snow_block": "Ice Block",
  "item.sorcerium.demons_eye_wand": "§4Demon\u0027s Eye Wand",
  "subtitles.soulsound": "",
  "block.simple_sorcery.mana_crystal_block_slab": "Mana Crystal Block Slab",
  "item.sorcerium.charged_mana_prism": "Charged Mana Prism",
  "item.simple_sorcery.iron_healing_wand": "Iron Healing Wand",
  "item.sorcerium.soul_hunter_staff": "§3Soul Hunter Staff",
  "block.sorcerium.empty_crystal_birch_log": "Empty Earth Crystal Oak Log",
  "block.sorcerium.broom_holder_with_broom": "Broom Holder",
  "block.sorcerium.black_marble_bricks": "Black Marble Bricks",
  "entity.simple_sorcery.wisp_orb": "Wisp Orb",
  "item.simple_sorcery.starlight_wand": "Starlight Wand",
  "item.sorcerium.mana_potion": "§9Mana Potion",
  "item.sorcerium.empty_flask": "Glass Flask",
  "item.sorcerium.snow_block_spawn_egg": "Ice Block Spawn Egg",
  "item.simple_sorcery.wooden_healing_wand": "Wooden Healing Wand",
  "item.simple_sorcery.electric_projectile": "Electric Projectile",
  "item.sorcerium.boguslav_the_sorcerer_spawn_egg": "Boguslav The Sorcerer Spawn Egg",
  "entity.sorcerium.big_chains": "Ice Block",
  "block.sorcerium.black_marble_slab": "Black Marble Slab",
  "item.sorcerium.big_chains_spawn_egg": "Ice Block Spawn Egg",
  "block.sorcerium.mana_crysta_column": "Mana Crystal Column",
  "block.simple_sorcery.black_marble_tile_slab": "Black Marble Tile Slab",
  "subtitles.firestaffsound": "",
  "block.sorcerium.black_marble_charged_brick_slab": "Black Marble Charged Brick Slab",
  "item.sorcerium.level_down": "Sorcery Level Down",
  "block.sorcerium.black_marble_charged_brick_stairs": "Black Marble Charged Brick Stairs",
  "item.sorcerium.sorcerers_knowledge_book": "Sorcerer\u0027s Knowledge Book",
  "item.simple_sorcery.lvl_10": "Lvl 10",
  "item.sorcerium.earth_element_one_entity_spawn_egg": "Nature Element Spawn Egg",
  "block.simple_sorcery.mana_crystal": "Mana Crystal",
  "item.simple_sorcery.emerald_healing_wand": "Emerald Healing Wand",
  "item.sorcerium.sorcerers_broom_item": "Sorcerer\u0027s Broom",
  "block.sorcerium.mana_crystal_chiseled_bricks": "Chiseled Mana Crystal Bricks",
  "item.sorcerium.gargoyle": "Gargoyle",
  "item.sorcerium.refined_mana_crystal": "Refined Mana Crystal",
  "subtitles.healingsound": "",
  "item.simple_sorcery.earth_element_creative_spawn_egg": "Nature Element Spawn Egg",
  "item.sorcerium.level_icon": "Level Icon",
  "block.simple_sorcery.smooth_black_marble_slab": "Smooth Black Marble Slab",
  "entity.simple_sorcery.earth_element_one_entity": "Nature Element",
  "item.sorcerium.fire_staff": "Fire Staff",
  "block.simple_sorcery.black_marble_charged_brick_stairs": "Black Marble Charged Brick Stairs",
  "block.simple_sorcery.black_marble_small_brick_slab": "Black Marble Small Brick Slab",
  "entity.sorcerium.boguslav_the_sorcerer": "Boguslav The Sorcerer",
  "item.simple_sorcery.lvl_20": "Lvl 20",
  "block.sorcerium.black_marble_tiles": "Black Marble Tiles",
  "item.sorcerium.slime_staff": "Slime Staff",
  "item.simple_sorcery.magic_brass_alloy": "Magic Brass Alloy",
  "advancements.lvl_50_achievement.descr": "You Achieved Sorcery Level 50",
  "block.simple_sorcery.black_marble_small_brick_stairs": "Black Marble Small Brick Stairs",
  "item.sorcerium.diamond_healing_wand": "Diamond Healing Wand",
  "item.sorcerium.lvl_50": "Lvl 50",
  "item.simple_sorcery.ascent_wand_projectile": "Ascent Wand Projectile",
  "subtitles.spikesound": "",
  "item.sorcerium.magic_brass_alloy": "Magic Brass Alloy",
  "item.sorcerium.aurora_mutagen": "Aurora Mutagen",
  "item.simple_sorcery.ice_staff": "Ice Staff",
  "block.sorcerium.chair": "Wooden Chair",
  "block.simple_sorcery.mana_crystal_brick_stairs": "Mana Crystal Brick Stairs",
  "entity.sorcerium.wandering_chest": "Wandering Chest",
  "advancements.lvl_30_achievement.title": "Grand Wizard",
  "effect.slime_slowness": "Slime Slowness",
  "item.simple_sorcery.lvl_30": "Lvl 30",
  "item.simple_sorcery.empty_flask": "Glass Flask",
  "block.simple_sorcery.black_marble_tiles": "Black Marble Tiles",
  "block.sorcerium.mana_crystal_chiseled_brick_slab": "Chiseled Mana Crystal Brick Slab",
  "item.sorcerium.botanists_staff": "Botanist\u0027s Staff",
  "item.simple_sorcery.abyss_wand": "Abyss Wand",
  "block.sorcerium.black_marble": "Black Marble",
  "item.simple_sorcery.slime_staff": "Slime Staff",
  "subtitles.earthstaffshootingsound": "",
  "block.sorcerium.black_marble_tile_slab": "Black Marble Tile Slab",
  "block.sorcerium.black_marble_small_brick_slab": "Black Marble Small Brick Slab",
  "block.simple_sorcery.mana_crystal_chiseled_bricks": "Chiseled Mana Crystal Bricks",
  "key.sorcerium.overlay_keybind": "Show Sorcery Overlay",
  "block.sorcerium.black_marble_tile_stairs": "Black Marble Tile Stairs",
  "item.simple_sorcery.mana_pearl": "Mana Pearl",
  "block.sorcerium.cursed_mirror": "Cursed Mirror",
  "item.sorcerium.chain_staff": "Chain Staff",
  "item.simple_sorcery.lvl_40": "Lvl 40",
  "item.simple_sorcery.level_down": "Sorcery Level Down",
  "subtitles.natureelementdie": "",
  "item.simple_sorcery.nature_staff": "Nature Staff",
  "block.simple_sorcery.black_marble_stairs": "Black Marble Stairs",
  "item.sorcerium.netherite_healing_wand": "Netherite Healing Wand",
  "entity.sorcerium.magma_block": "Magma Block",
  "item.simple_wands.mana_potion": "Mana Potion",
  "block.simple_sorcery.mana_crystal_bricks": "Mana Crystal Bricks",
  "block.sorcerium.smooth_black_marble_slab": "Smooth Black Marble Slab",
  "item.sorcerium.wisp_orb_spawn_egg": "Wisp Orb Spawn Egg",
  "entity.sorcerium.sorcerers_broom": "Sorcerer\u0027s Broom",
  "entity.simple_sorcery.magma_block": "Magma Block",
  "block.simple_sorcery.black_marble": "Black Marble",
  "block.sorcerium.mana_crystal_bricks": "Mana Crystal Bricks",
  "block.sorcerium.black_marble_stairs": "Black Marble Stairs",
  "item.sorcerium.ice_staff": "Ice Staff",
  "item.simple_sorcery.golden_wand": "Golden Wand",
  "subtitles.earthstaffsoundeffect": "",
  "advancements.lvl_20_achievement.descr": "You Achieved Sorcery Level 20",
  "block.simple_sorcery.mana_crystal_chiseled_brick_stairs": "Chiseled Mana Crystal Brick Stairs",
  "itemGroup.tabsimple_magic_tab": "Sorcerium",
  "item.simple_sorcery.golden_healing_wand": "Golden Healing Wand",
  "block.simple_sorcery.black_marble_small_bricks": "Black Marble Small Bricks",
  "item.sorcerium.golden_wand": "Golden Wand",
  "block.simple_sorcery.empty_crystal_oak_log": "Empty Earth Crystal Oak Log",
  "block.sorcerium.table": "Wooden Table",
  "item.sorcerium.celestial_star": "Celestial Star",
  "item.simple_sorcery.diamond_healing_wand": "Diamond Healing Wand",
  "block.sorcerium.empty_earth_spruce_oak": "Empty Earth Crystal Oak Log",
  "item.sorcerium.dev_tab_item": "Dev TAB Item",
  "block.sorcerium.smooth_black_marble_stairs": "Smooth Black Marble Stairs",
  "item.simple_sorcery.thorn_wall_entity_spawn_egg": "Thorn Wall Spawn Egg",
  "item.simple_sorcery.lvl_50": "Lvl 50",
  "subtitles.slimewandsound": "",
  "block.simple_sorcery.smooth_black_marble": "Smooth Black Marble ",
  "item.sorcerium.molten_trident": "Molten Trident",
  "block.sorcerium.wooden_candle_stick": "Wooden Candlestick",
  "block.sorcerium.black_marble_small_brick_stairs": "Black Marble Small Brick Stairs",
  "item.sorcerium.frost_fire_wand": "Frost Fire Wand",
  "item.simple_sorcery.molten_trident": "Molten Trident",
  "advancements.lvl_achievement.title": "Sorcery Levels",
  "block.simple_sorcery.mana_crystal_block_stairs": "Mana Crystal Block Stairs",
  "block.sorcerium.smooth_black_marble": "Smooth Black Marble ",
  "item.sorcerium.star_projectile": "Star Projectile",
  "key.simple_sorcery.overlay_keybind": "Show Sorcery Overlay",
  "item.sorcerium.sorcerers_broom_spawn_egg": "Sorcerer\u0027s Broom Spawn Egg",
  "effect.sorcerium.slime_slowness": "Slime Slowness",
  "item.sorcerium.small_chains_spawn_egg": "Ice Block Spawn Egg",
  "item.simple_sorcery.refined_mana_crystal": "Refined Mana Crystal",
  "item.simple_sorcery.book_of_thornes": "Book Of Thornes",
  "item.sorcerium.villager_staff": "Villager Staff",
  "item.simple_sorcery.boguslav_the_sorcerer_spawn_egg": "Boguslav The Sorcerer Spawn Egg",
  "item.sorcerium.lvl_10": "Lvl 10",
  "block.sorcerium.mana_crystal_block_slab": "Mana Crystal Block Slab",
  "item.sorcerium.golden_healing_wand": "Golden Healing Wand",
  "item.simple_sorcery.wandering_chest_spawn_egg": "Wandering Chest Spawn Egg",
  "block.simple_sorcery.black_marble_charged_bricks": "Black Marble Charged Bricks",
  "item.simple_sorcery.earth_element_one_entity_spawn_egg": "Nature Element Spawn Egg",
  "subtitles.icestaffsound": "",
  "item.simple_sorcery.blazing_staff": "Blazing Staff",
  "item.sorcerium.wandering_chest_spawn_egg": "Wandering Chest Spawn Egg",
  "entity.simple_sorcery.thorn_wall_entity_2": "Thorn Wall",
  "item.simple_sorcery.spark_staff": "Spark Staff",
  "entity.simple_sorcery.thorn_wall_entity": "Thorn Wall",
  "item.simple_sorcery.dev_tab_item": "Dev TAB Item",
  "item.sorcerium.earth_staff": "Earth Staff",
  "item.sorcerium.electric_projectile": "Electric Projectile",
  "item.sorcerium.frost_wand": "Frost Wand",
  "advancements.lvl_50_achievement.title": "Archmage",
  "item.sorcerium.soul_flame": "Soul Flame",
  "item.simple_sorcery.vulcano_wand": "Vulcano Wand",
  "advancements.lvl_10_achievement.title": "Apprentice",
  "block.simple_sorcery.mana_crysta_column": "Mana Crystal Column",
  "item.sorcerium.demonstissue": "Demon\u0027s Tissue",
  "item.simple_sorcery.star_projectile": "Star Projectile",
  "item.sorcerium.wisp_orb_item": "Wisp Orb ",
  "item.sorcerium.lvl_20": "Lvl 20",
  "item.simple_sorcery.level_icon": "Level Icon",
  "item.sorcerium.iron_healing_wand": "Iron Healing Wand",
  "effect.sorcerous_strength": "Magic Strength",
  "subtitles.starlightsound": "",
  "item.simple_sorcery.soul_hunter_staff": "§3Soul Hunter Staff",
  "block.simple_sorcery.smooth_black_marble_stairs": "Smooth Black Marble Stairs",
  "block.sorcerium.black_marble_brick_stairs": "Black Marble Brick Stairs",
  "entity.simple_sorcery.boguslav_the_sorcerer": "Boguslav The Sorcerer",
  "block.sorcerium.broom_holder": "Broom Holder",
  "advancements.lvl_20_achievement.title": "Wizard",
  "item.sorcerium.nature_staff": "Nature Staff",
  "block.sorcerium.puffer_puffed": "Puffer",
  "item.simple_sorcery.wisp_orb_spawn_egg": "Wisp Orb Spawn Egg",
  "item.simple_sorcery.mana_potion": "§9Mana Potion",
  "item.sorcerium.all_items_animation": "All Items Animation",
  "block.sorcerium.puffer": "Boa Boa the Puffer",
  "item.sorcerium.lvl_30": "Lvl 30",
  "item.sorcerium.ascent_wand_projectile": "Ascent Wand Projectile",
  "block.simple_sorcery.earth_crystal_oak_log": "Earth Crystal Oak Log",
  "block.simple_sorcery.mana_crystal_brick_slab": "Mana Crystal Brick Slab",
  "item.sorcerium.wandering_chest_item": "Wandering Chest ",
  "entity.sorcerium.thorn_wall_entity_2": "Thorn Wall",
  "item.sorcerium.thorn_wall_entity_2_spawn_egg": "Thorn Wall Spawn Egg",
  "block.sorcerium.mana_crystal": "Mana Crystal",
  "advancements.lvl_40_achievement.title": "Mage",
  "item.simple_sorcery.earth_crystal": "Earth Crystal",
  "entity.simple_sorcery.earth_element_creative": "Nature Element",
  "block.sorcerium.earth_crystal_oak_log": "Earth Crystal Oak Log",
  "item.simple_sorcery.demons_eye_wand": "§4Demon\u0027s Eye Wand",
  "item.simple_wands.test": "Red Mana",
  "item.sorcerium.abyss_wand": "Abyss Wand",
  "item.sorcerium.lvl_40": "Lvl 40",
  "block.sorcerium.birch_crystal_oak_log": "Earth Crystal Birch Log",
  "item.simple_sorcery.red_mana_potion": "§cRed Mana Potion",
  "subtitles.demoniclaughsound": "",
  "item.simple_sorcery.howling_aurora_wand": "§dHowling Aurora Wand",
  "item.simple_sorcery.charged_mana_prism": "Charged Mana Prism",
  "item.sorcerium.level_up": "Sorcery Level Up",
  "entity.sorcerium.small_chains": "Ice Block",
  "subtitles.whipsound": "",
  "item.simple_sorcery.ascent_wand": "Ascent Wand",
  "block.sorcerium.mana_crystal_brick_stairs": "Mana Crystal Brick Stairs"
}