{
  "itemGroup.gardens_of_the_dead.main": "Gardens of the Dead",
  "biome.gardens_of_the_dead.soulblight_forest": "Soulblight Forest",
  "biome.gardens_of_the_dead.whistling_woods": "Whistling Woods",
  "block.gardens_of_the_dead.soul_spore": "Soul Spore",
  "block.gardens_of_the_dead.glowing_soul_spore": "Glowing Soul Spore",
  "block.gardens_of_the_dead.soulblight_fungus": "Soulblight Fungus",
  "block.gardens_of_the_dead.soulblight_sprouts": "Soulblight Sprouts",
  "block.gardens_of_the_dead.blistercrown": "Blistercrown",
  "block.gardens_of_the_dead.tall_blistercrown": "Tall Blistercrown",
  "block.gardens_of_the_dead.whistlecane": "Whistlecane",
  "block.gardens_of_the_dead.soulblight_stem": "Soulblight Stem",
  "block.gardens_of_the_dead.stripped_soulblight_stem": "Stripped Soulblight Stem",
  "block.gardens_of_the_dead.soulblight_hyphae": "Soulblight Hyphae",
  "block.gardens_of_the_dead.stripped_soulblight_hyphae": "Stripped Soulblight Hyphae",
  "block.gardens_of_the_dead.blightwart_block": "Blightwart Block",
  "block.gardens_of_the_dead.potted_soul_spore": "Potted Soul Spore",
  "block.gardens_of_the_dead.potted_glowing_soul_spore": "Potted Glowing Soul Spore",
  "block.gardens_of_the_dead.potted_soulblight_fungus": "Potted Soulblight Fungus",
  "block.gardens_of_the_dead.potted_soulblight_sprouts": "Potted Soulblight Sprouts",
  "block.gardens_of_the_dead.potted_blistercrown": "Potted Blistercrown",
  "block.gardens_of_the_dead.potted_whistlecane": "Potted Whistlecane",
  "block.gardens_of_the_dead.soulblight_planks": "Soulblight Planks",
  "block.gardens_of_the_dead.soulblight_slab": "Soulblight Slab",
  "block.gardens_of_the_dead.soulblight_stairs": "Soulblight Stairs",
  "block.gardens_of_the_dead.soulblight_button": "Soulblight Button",
  "block.gardens_of_the_dead.soulblight_pressure_plate": "Soulblight Pressure Plate",
  "block.gardens_of_the_dead.soulblight_fence": "Soulblight Fence",
  "block.gardens_of_the_dead.soulblight_fence_gate": "Soulblight Fence Gate",
  "block.gardens_of_the_dead.soulblight_door": "Soulblight Door",
  "block.gardens_of_the_dead.soulblight_trapdoor": "Soulblight Trapdoor",
  "block.gardens_of_the_dead.soulblight_sign": "Soulblight Sign",
  "block.gardens_of_the_dead.whistlecane_block": "Whistlecane Block",
  "block.gardens_of_the_dead.whistlecane_slab": "Whistlecane Slab",
  "block.gardens_of_the_dead.whistlecane_stairs": "Whistlecane Stairs",
  "block.gardens_of_the_dead.whistlecane_fence": "Whistlecane Fence",
  "block.gardens_of_the_dead.whistlecane_fence_gate": "Whistlecane Fence Gate",
  "block.gardens_of_the_dead.whistlecane_button": "Whistlecane Button",
  "block.gardens_of_the_dead.whistlecane_pressure_plate": "Whistlecane Pressure Plate",
  "block.gardens_of_the_dead.whistlecane_door": "Whistlecane Door",
  "block.gardens_of_the_dead.whistlecane_trapdoor": "Whistlecane Trapdoor",
  "block.gardens_of_the_dead.whistlecane_sign": "Whistlecane Sign",
  "gardens_of_the_dead.subtitle.block.whistlecane.whistle": "Whistlecane whistles"
}