{
  "itemGroup.quiver": "Nock Enough Arrows",
  "container.fletch": "Fletch Arrows",
  "key.nock_enough_arrows.switch_arrow_key": "Switch Arrow",
  "gui.jei.fletching": "Fletching",

  "item.nock_enough_arrows.quiver": "Quiver",

  "item.nock_enough_arrows.pufferfish_arrow": "Pufferfish Arrow",
  "item.nock_enough_arrows.explosive_arrow": "Explosive Arrow",
  "item.nock_enough_arrows.slime_arrow": "Slime Arrow",
  "item.nock_enough_arrows.prismarine_arrow": "Prismarine Arrow",
  "item.nock_enough_arrows.hookshot_arrow": "Hookshot Arrow",
  "item.nock_enough_arrows.message_arrow": "Message Arrow",
  "item.nock_enough_arrows.teleportation_arrow": "Teleportation Arrow",
  "item.nock_enough_arrows.ink_arrow": "Ink Arrow",
  "item.nock_enough_arrows.torch_arrow": "Torch Arrow",
  "item.nock_enough_arrows.soul_torch_arrow": "Soul Torch Arrow",
  "item.nock_enough_arrows.redstone_torch_arrow": "Redstone Torch Arrow",
  "item.nock_enough_arrows.ethereal_arrow": "Ethereal Arrow",
  "item.nock_enough_arrows.dousing_arrow": "Dousing Arrow",
  "item.nock_enough_arrows.blossom_arrow": "Blossom Arrow",
  "item.nock_enough_arrows.growing_arrow": "Growing Arrow",
  "item.nock_enough_arrows.drill_arrow": "Drill Arrow",
  "item.nock_enough_arrows.split_arrow": "Split Arrow",
  "item.nock_enough_arrows.party_arrow": "Party Arrow",
  "item.nock_enough_arrows.repulsive_arrow": "Repulsive Arrow",
  "item.nock_enough_arrows.echoing_arrow": "Echoing Arrow",
  "item.nock_enough_arrows.seeker_arrow": "Seeker Arrow",
  "item.nock_enough_arrows.cupid_arrow": "Cupid Arrow",
  "item.nock_enough_arrows.reinforced_arrow": "Reinforced Arrow",
  "item.nock_enough_arrows.luminous_arrow": "Luminous Arrow",
  "item.nock_enough_arrows.whistling_arrow": "Whistling Arrow",

  "item.nock_enough_arrows.paint_arrow": "Paint Arrow",

  "entity.nock_enough_arrows.pufferfish_arrow": "Pufferfish Arrow",
  "entity.nock_enough_arrows.explosive_arrow": "Explosive Arrow",
  "entity.nock_enough_arrows.slime_arrow": "Slime Arrow",
  "entity.nock_enough_arrows.prismarine_arrow": "Prismarine Arrow",
  "entity.nock_enough_arrows.hookshot_arrow": "Hookshot Arrow",
  "entity.nock_enough_arrows.message_arrow": "Message Arrow",
  "entity.nock_enough_arrows.teleportation_arrow": "Teleportation Arrow",
  "entity.nock_enough_arrows.ink_arrow": "Ink Arrow",
  "entity.nock_enough_arrows.torch_arrow": "Torch Arrow",
  "entity.nock_enough_arrows.soul_torch_arrow": "Soul Torch Arrow",
  "entity.nock_enough_arrows.redstone_torch_arrow": "Redstone Torch Arrow",
  "entity.nock_enough_arrows.ethereal_arrow": "Ethereal Arrow",
  "entity.nock_enough_arrows.dousing_arrow": "Dousing Arrow",
  "entity.nock_enough_arrows.blossom_arrow": "Blossom Arrow",
  "entity.nock_enough_arrows.growing_arrow": "Growing Arrow",
  "entity.nock_enough_arrows.drill_arrow": "Drill Arrow",
  "entity.nock_enough_arrows.split_arrow": "Split Arrow",
  "entity.nock_enough_arrows.party_arrow": "Party Arrow",
  "entity.nock_enough_arrows.repulsive_arrow": "Repulsive Arrow",
  "entity.nock_enough_arrows.echoing_arrow": "Echoing Arrow",
  "entity.nock_enough_arrows.seeker_arrow": "Seeker Arrow",
  "entity.nock_enough_arrows.cupid_arrow": "Cupid Arrow",
  "entity.nock_enough_arrows.reinforced_arrow": "Reinforced Arrow",
  "entity.nock_enough_arrows.luminous_arrow": "Luminous Arrow",
  "entity.nock_enough_arrows.whistling_arrow": "Whistling Arrow",

  "entity.nock_enough_arrows.paint_arrow": "Paint Arrow",

  "enchantment.nock_enough_arrows.stockpile": "Stockpile",
  "enchantment.nock_enough_arrows.stockpile.desc": "Increases the size of the quiver",
  "enchantment.nock_enough_arrows.recovery": "Recovery",
  "enchantment.nock_enough_arrows.recovery.desc": "Has a chance to not waste an arrow fired from the quiver",
  "enchantment.nock_enough_arrows.cycle": "Cycle",
  "enchantment.nock_enough_arrows.cycle.desc": "When firing, the quiver will cycle to the next arrow",

  "entity.nock_enough_arrows.sputter": "Sputter",

  "advancements.fletching.root.title": "Nock Enough Arrows",
  "advancements.fletching.root.description": "Steady Hands...",
  "advancements.fletching.get_quiver.title": "Quiver in Fear!",
  "advancements.fletching.get_quiver.description": "Create a Quiver to store arrows.",
  "advancements.fletching.pufferfish_arrow.title": "Bigger Fish to Fly",
  "advancements.fletching.pufferfish_arrow.description": "Fletch a Pufferfish Arrow",
  "advancements.fletching.explosive_arrow.title": "Caution up the Wind",
  "advancements.fletching.explosive_arrow.description": "Fletch an Explosive Arrow",
  "advancements.fletching.slime_arrow.title": "Trigonometry!",
  "advancements.fletching.slime_arrow.description": "Fletch a Slime Arrow",
  "advancements.fletching.prismarine_arrow.title": "Against the Current",
  "advancements.fletching.prismarine_arrow.description": "Fletch a Prismarine Arrow",
  "advancements.fletching.hookshot_arrow.title": "The Old West",
  "advancements.fletching.hookshot_arrow.description": "Fletch a Hookshot Arrow",
  "advancements.fletching.message_arrow.title": "Hello from the Other Side",
  "advancements.fletching.message_arrow.description": "Fletch a Message Arrow",
  "advancements.fletching.teleportation_arrow.title": "Like an Enderman!",
  "advancements.fletching.teleportation_arrow.description": "Fletch a Teleportation Arrow",
  "advancements.fletching.ink_arrow.title": "Squid's Revenge",
  "advancements.fletching.ink_arrow.description": "Fletch an Ink Arrow",
  "advancements.fletching.torch_arrow.title": "Flame On!",
  "advancements.fletching.torch_arrow.description": "Fletch a Torch Arrow",
  "advancements.fletching.soul_torch_arrow.title": "Light up the Soul",
  "advancements.fletching.soul_torch_arrow.description": "Fletch a Soul Torch Arrow",
  "advancements.fletching.redstone_torch_arrow.title": "Remote Power",
  "advancements.fletching.redstone_torch_arrow.description": "Fletch a Redstone Torch Arrow",
  "advancements.fletching.ethereal_arrow.title": "Into the Astral Plane",
  "advancements.fletching.ethereal_arrow.description": "Fletch an Ethereal Arrow",
  "advancements.fletching.dousing_arrow.title": "Call the Fire Department!",
  "advancements.fletching.dousing_arrow.description": "Fletch a Dousing Arrow",
  "advancements.fletching.blossom_arrow.title": "The Neighbor's Garden",
  "advancements.fletching.blossom_arrow.description": "Fletch a Blossom Arrow",
  "advancements.fletching.growing_arrow.title": "Ask Hank about it",
  "advancements.fletching.growing_arrow.description": "Fletch a Growing Arrow",
  "advancements.fletching.drill_arrow.title": "We Do a little Drilling",
  "advancements.fletching.drill_arrow.description": "Fletch a Drill Arrow",
  "advancements.fletching.split_arrow.title": "Attack of the Clones",
  "advancements.fletching.split_arrow.description": "Fletch a Split Arrow",
  "advancements.fletching.party_arrow.title": "Happy Birthday!",
  "advancements.fletching.party_arrow.description": "Fletch a Party Arrow",
  "advancements.fletching.repulsive_arrow.title": "Eww.. Disgusting",
  "advancements.fletching.repulsive_arrow.description": "Fletch a Repulsive Arrow",
  "advancements.fletching.echoing_arrow.title": "Revealing Area",
  "advancements.fletching.echoing_arrow.description": "Fletch an Echoing Arrow",
  "advancements.fletching.seeker_arrow.title": "I'll be Watching You...",
  "advancements.fletching.seeker_arrow.description": "Fletch a Seeker Arrow",
  "advancements.fletching.cupid_arrow.title": "Match Made in Aether!",
  "advancements.fletching.cupid_arrow.description": "Fletch a Cupid Arrow",
  "advancements.fletching.reinforced_arrow.title": "Call the Reinforcements!",
  "advancements.fletching.reinforced_arrow.description": "Fletch a Reinforced Arrow",
  "advancements.fletching.luminous_arrow.title": "Let it Glow!",
  "advancements.fletching.luminous_arrow.description": "Fletch a Luminous Arrow",
  "advancements.fletching.whistling_arrow.title": "Pied Piper",
  "advancements.fletching.whistling_arrow.description": "Fletch a Whistling Arrow",

  "advancements.fletching.paint_arrow.title": "Splatted!",
  "advancements.fletching.paint_arrow.description": "Fletch a Paint Arrow",

  "advancements.fletching.build_sputter.title": "Sput it out!",
  "advancements.fletching.build_sputter.description": "Construct a friendly little Sputter"
}