{
  "block.berry_good.cave_vine_pips": "Cave Vine Pips",
  "block.berry_good.sweet_berry_bush_pips": "Sweet Berry Bush Pips",
  "item.berry_good.glow_berry_pips": "Glow Berry Pips",
  "item.berry_good.glowgurt": "Glowgurt",
  "item.berry_good.music_disc_fox": "Music Disc",
  "item.berry_good.music_disc_fox.desc": "RENREN - Fox",
  "item.berry_good.sweet_berry_meatballs": "Sweet Berry Meatballs",
  "item.berry_good.sweet_berry_mince": "Sweet Berry Mince",
  "item.berry_good.sweet_berry_pips": "Sweet Berry Pips"
}