{
  "obscure_api.ability.bonuses": "§f\uEA10Class Bonus",
  "obscure_api.ability.cost.cooldown": "§f(#s§f)",
  "obscure_api.ability.cost.exp": "§f(# Exp§f)",
  "obscure_api.ability.cost.health": "§f(# HP§f)",
  "obscure_api.ability.cost.level": "§f(# Lvl§f)",
  "obscure_api.ability.cost.durability": "§f(# §f\uEA0B)",
  "obscure_api.ability.cost.none": "",
  "obscure_api.ability.modifier.s": "s",
  "obscure_api.ability.modifier.%": "%",

  "class_bonus.armor_cooldown.minus": "§2# Armor Cooldown",
  "class_bonus.armor_cooldown.plus": "§c+# Armor Cooldown",
  "class_bonus.armor_power.minus": "§c# Armor Power",
  "class_bonus.armor_power.plus": "§2+# Armor Power",
  "class_bonus.weapon_cooldown.minus": "§2# Weapon Cooldown",
  "class_bonus.weapon_cooldown.plus": "§c+# Weapon Cooldown",
  "class_bonus.weapon_power.minus": "§c# Weapon Power",
  "class_bonus.weapon_power.plus": "§2+# Weapon Power",

  "obscure_api.tooltip.collapse": "§f\uEA17§8Abilities",
  "obscure_api.tooltip.expand": "§f\uEA16§8Hold Shift",
  "obscure_api.tooltip.knowledge": "§f\uEA21§9Knowledge:",

  "rarity.legendary.name": "Legendary",
  "rarity.mythic.name": "Mythic",

  "item.obscure_api.astral_dust": "Astral Dust",
  "item.obscure_api.vial_of_knowledge": "Vial of Knowledge",
  "lore.obscure_api.vial_of_knowledge": "§9Knowledge (2:00)",

  "effect.obscure_api.fury": "Fury",
  "effect.obscure_api.fury.desc": "Each level increase the power of class abilities by 10%.",
  "effect.obscure_api.fury.description": "Each level increase the power of class abilities by 10%.",
  "effect.obscure_api.knowledge": "Knowledge",
  "effect.obscure_api.knowledge.desc": "Displays hidden information about some items in their tooltips.",
  "effect.obscure_api.knowledge.description": "Displays hidden information about some items in their tooltips.",
  "effect.obscure_api.rush": "Rush",
  "effect.obscure_api.rush.desc": "Each level reduces the cooldown of class abilities by 10%.",
  "effect.obscure_api.rush.description": "Each level reduces the cooldown of class abilities by 10%.",

  "enchantment.obscure_api.distance": "Distance",
  "enchantment.obscure_api.distance.desc": "Increase the radius of the projectile's orbit.",
  "enchantment.obscure_api.distance.description": "Increase the radius of the projectile's orbit.",
  "enchantment.obscure_api.fast_spin": "Fast Spin",
  "enchantment.obscure_api.fast_spin.desc": "Increase the flight speed of projectile.",
  "enchantment.obscure_api.fast_spin.description": "Increase the flight speed of projectile.",
  "enchantment.obscure_api.mirror": "Mirror",
  "enchantment.obscure_api.mirror.desc": "Duplicates projectile, but each duplicate will only deal 50% damage.",
  "enchantment.obscure_api.mirror.description": "Duplicates projectile, but each duplicate will only deal 50% damage.",

  "attribute.obscure_api.accuracy": "Accuracy",
  "attribute.obscure_api.accuracy.icon": "\uEA79",
  "attribute.obscure_api.armor.icon": "\uEA88",
  "attribute.obscure_api.attackDamage.icon": "\uEA87",
  "attribute.obscure_api.criticalDamage": "Critical Damage",
  "attribute.obscure_api.criticalDamage.icon": "\uEA78",
  "attribute.obscure_api.criticalHit": "Critical Hit",
  "attribute.obscure_api.criticalHit.icon": "\uEA77",
  "attribute.obscure_api.dodge": "Dodge",
  "attribute.obscure_api.dodge.icon": "\uEA82",
  "attribute.obscure_api.healingPower": "Healing Power",
  "attribute.obscure_api.healingPower.icon": "\uEA86",
  "attribute.obscure_api.magicDamage": "Magic Damage",
  "attribute.obscure_api.magicDamage.icon": "\uEA76",
  "attribute.obscure_api.magicResistance": "Magic Resistance",
  "attribute.obscure_api.magicResistance.icon": "\uEA81",
  "attribute.obscure_api.maxHealth.icon": "\uEA89",
  "attribute.obscure_api.movementSpeed.icon": "\uEA90",
  "attribute.obscure_api.parry": "Parry",
  "attribute.obscure_api.parry.icon": "\uEA83",
  "attribute.obscure_api.penetration": "Penetration",
  "attribute.obscure_api.penetration.icon": "\uEA80",
  "attribute.obscure_api.regeneration": "Regeneration",
  "attribute.obscure_api.regeneration.icon": "\uEA85",
  "attribute.obscure_api.resilience": "Resilience",
  "attribute.obscure_api.resilience.icon": "\uEA84",

  "obscure_api.accuracy": "Accuracy",
  "obscure_api.criticalDamage": "Critical Damage",
  "obscure_api.criticalHit": "Critical Hit",
  "obscure_api.dodge": "Dodge",
  "obscure_api.healingPower": "Healing Power",
  "obscure_api.magicDamage": "Magic Damage",
  "obscure_api.magicResistance": "Magic Resistance",
  "obscure_api.parry": "Parry",
  "obscure_api.penetration": "Penetration",
  "obscure_api.regeneration": "Regeneration",
  "obscure_api.resilience": "Resilience",

  "icon.armor": "§f\uEA13",
  "icon.armor_half": "§f\uEA08",
  "icon.armor_empty": "§f\uEA09",
  "icon.armor_toughness": "§f\uEA14",
  "icon.arrow_down": "§f\uEA16",
  "icon.arrow_up": "§f\uEA17",
  "icon.attack_speed": "§f\uEA12",
  "icon.attack_speed.fast": "§f\uEA12 §2Fast",
  "icon.attack_speed.medium": "§f\uEA12 §fMedium",
  "icon.attack_speed.slow": "§f\uEA12 §6Slow",
  "icon.attack_speed.very_fast": "§f\uEA12 §2Very Fast",
  "icon.attack_speed.very_slow": "§f\uEA12 §cVery Slow",
  "icon.boss": "§f\uEA27",
  "icon.damage": "§f\uEA11",
  "icon.dialogue": "§f\uEA24",
  "icon.down": "§f\uEA23",
  "icon.durability": "§f\uEA0B",
  "icon.energy": "§f\uEA28§b",
  "icon.exp": "§f\uEA30§a",
  "icon.food": "§f\uEA19",
  "icon.food_half": "§f\uEA05",
  "icon.food_empty": "§f\uEA06",
  "icon.food_saturation": "§f\uEA20",
  "icon.heart": "§f\uEA01",
  "icon.heart_half": "§f\uEA02",
  "icon.heart_empty": "§f\uEA03",
  "icon.info": "§f\uEA21",
  "icon.knockback_resistance": "§f\uEA18",
  "icon.reply": "§f\uEA25",
  "icon.rmb": "§f\uEA26",
  "icon.soul": "§f\uEA29",
  "icon.star": "§f\uEA10",
  "icon.stick": "§f\uEA0A",
  "icon.up": "§f\uEA22"
}