{
  "entity.angling.fry": "Fry",
  "entity.angling.sunfish": "Sunfish",
  "sunfish_variant.angling.pumpkinseed": "Pumpkinseed",
  "sunfish_variant.angling.longear": "Longear",
  "sunfish_variant.angling.bluegill": "Bluegill",
  "sunfish_variant.angling.redbreast": "Redbreast",
  "sunfish_variant.angling.green": "Green",
  "sunfish_variant.angling.warmouth": "Warmouth",
  "sunfish_variant.angling.bluegill_and_redbreast_hybrid": "Bluegill and Redbreast Hybrid",
  "sunfish_variant.angling.bluegill_and_pumpkinseed_hybrid": "Bluegill and Pumpkinseed Hybrid",
  "sunfish_variant.angling.diansus_diansur": "Diansu's Diansur",
  "sea_slug_color.angling.ivory": "Ivory",
  "sea_slug_color.angling.onyx": "Onyx",
  "sea_slug_color.angling.periwinkle": "Periwinkle",
  "sea_slug_color.angling.burgundy": "Burgundy",
  "sea_slug_color.angling.coquelicot": "Coquelicot",
  "sea_slug_color.angling.gamboge": "Gamboge",
  "sea_slug_color.angling.jade": "Jade",
  "sea_slug_color.angling.midnight": "Midnight",
  "sea_slug_color.angling.ultramarine": "Ultramarine",
  "sea_slug_color.angling.coffee": "Coffee",
  "sea_slug_color.angling.celeste": "Celeste",
  "sea_slug_color.angling.eggplant": "Eggplant",
  "sea_slug_color.angling.olivine": "Olivine",
  "sea_slug_color.angling.pear": "Pear",
  "sea_slug_color.angling.cyclamen": "Cyclamen",
  "sea_slug_color.angling.amber": "Amber",
  "sea_slug_color.angling.iris": "Iris",
  "sea_slug_color.angling.orchid": "Orchid",
  "sea_slug_color.angling.folly": "Folly",
  "sea_slug_pattern.angling.none": "None",
  "sea_slug_pattern.angling.stripes": "Striped",
  "sea_slug_pattern.angling.squiggles": "Squiggled",
  "sea_slug_pattern.angling.spots": "Spotted",
  "sea_slug_pattern.angling.rings": "Ringed",
  "crab_variant.angling.dungeness": "Dungeness",
  "crab_variant.angling.ghost": "Ghost",
  "crab_variant.angling.blue_claw": "Blue Claw",
  "entity.angling.pelican": "Pelican",
  "entity.angling.nautilus": "Nautilus",
  "entity.angling.sea_slug": "Sea Slug",
  "entity.angling.crab": "Crab",
  "entity.angling.dongfish": "Dongfish",
  "entity.angling.catfish": "Catfish",
  "entity.angling.seahorse": "Seahorse",
  "entity.angling.bubble_eye": "Bubble Eye",
  "entity.angling.anomalocaris": "Anomalocaris",
  "entity.angling.anglerfish": "Anglerfish",
  "entity.angling.mahi_mahi": "Mahi Mahi",
  "block.angling.duckweed": "Duckweed",
  "block.angling.roe": "Roe",
  "block.angling.sea_slug_eggs": "Sea Slug Eggs",
  "block.angling.algae": "Algae",
  "block.angling.wormy_dirt": "Wormy Dirt",
  "block.angling.wormy_mud": "Wormy Mud",
  "block.angling.oysters": "Oysters",
  "block.angling.starfish": "Starfish",
  "block.angling.dead_starfish": "Dead Starfish",
  "block.angling.clam": "Clam",
  "block.angling.anemone": "Anemone",
  "block.angling.papyrus": "Papyrus",
  "block.angling.sargassum": "Sargassum",
  "block.angling.urchin": "Urchin",
  "item.angling.fry_spawn_egg": "Fry Spawn Egg",
  "item.angling.sunfish_spawn_egg": "Sunfish Spawn Egg",
  "item.angling.pelican_spawn_egg": "Pelican Spawn Egg",
  "item.angling.nautilus_spawn_egg": "Nautilus Spawn Egg",
  "item.angling.sea_slug_spawn_egg": "Sea Slug Spawn Egg",
  "item.angling.crab_spawn_egg": "Crab Spawn Egg",
  "item.angling.dongfish_spawn_egg": "Dongfish Spawn Egg",
  "item.angling.catfish_spawn_egg": "Catfish Spawn Egg",
  "item.angling.seahorse_spawn_egg": "Seahorse Spawn Egg",
  "item.angling.bubble_eye_spawn_egg": "Bubble Eye Spawn Egg",
  "item.angling.anomalocaris_spawn_egg": "Anomalocaris Spawn Egg",
  "item.angling.anglerfish_spawn_egg": "Anglerfish Spawn Egg",
  "item.angling.mahi_mahi_spawn_egg": "Mahi Mahi Spawn Egg",
  "item.angling.sunfish_bucket": "Bucket of Sunfish",
  "item.angling.nautilus_bucket": "Bucket of Nautilus",
  "item.angling.sea_slug_bucket": "Bucket of Sea Slug",
  "item.angling.crab_bucket": "Bucket of Crab",
  "item.angling.dongfish_bucket": "Bucket of Dongfish",
  "item.angling.catfish_bucket": "Bucket of Catfish",
  "item.angling.seahorse_bucket": "Bucket of Seahorse",
  "item.angling.bubble_eye_bucket": "Bucket of Bubble Eye",
  "item.angling.anomalocaris_bucket": "Bucket of Anomalocaris",
  "item.angling.anglerfish_bucket": "Bucket of Anglerfish",
  "item.angling.urchin_bucket": "Bucket of Urchin",
  "item.angling.mahi_mahi_bucket": "Bucket of Mahi Mahi",
  "item.angling.sea_slug_bucket.bioluminescent": "Bioluminescent",
  "item.angling.fry_bucket": "Bucket of Fry",
  "item.angling.worm": "Worm",
  "item.angling.sunfish": "Sunfish",
  "item.angling.fried_sunfish": "Fried Sunfish",
  "subtitles.item.worm.use": "Worm squirms",
  "subtitles.block.roe.hatch": "Fry hatches",
  "subtitles.block.sea_slug_eggs.hatch": "Sea Slug hatches",
  "subtitles.entity.sunfish.death": "Sunfish dies",
  "subtitles.entity.sunfish.flop": "Sunfish flops",
  "subtitles.entity.sunfish.hurt": "Sunfish hurts",
  "subtitles.entity.fry.death": "Fry dies",
  "subtitles.entity.fry.flop": "Fry flops",
  "subtitles.entity.fry.hurt": "Fry hurts",
  "subtitles.entity.nautilus.death": "Nautilus dies",
  "subtitles.entity.nautilus.hurt": "Nautilus hurts",
  "subtitles.entity.pelican.death": "Pelican dies",
  "subtitles.entity.pelican.hurt": "Pelican hurts",
  "subtitles.entity.pelican.ambient": "Pelican squawks",
  "subtitles.entity.sea_slug.death": "Sea Slug dies",
  "subtitles.entity.sea_slug.hurt": "Sea Slug hurts",
  "subtitles.entity.crab.death": "Crab dies",
  "subtitles.entity.crab.hurt": "Crab hurts",
  "subtitles.entity.dongfish.death": "Dongfish dies",
  "subtitles.entity.dongfish.flop": "Dongfish flops",
  "subtitles.entity.dongfish.hurt": "Dongfish hurts",
  "subtitles.entity.dongfish.shear": "Dongfish has its horngus removed",
  "subtitles.entity.catfish.death": "Catfish dies",
  "subtitles.entity.catfish.flop": "Catfish flops",
  "subtitles.entity.catfish.hurt": "Catfish hurts",
  "subtitles.entity.seahorse.death": "Seahorse dies",
  "subtitles.entity.seahorse.flop": "Seahorse flops",
  "subtitles.entity.seahorse.hurt": "Seahorse hurts",
  "subtitles.entity.bubble_eye.death": "Bubble Eye dies",
  "subtitles.entity.bubble_eye.flop": "Bubble Eye flops",
  "subtitles.entity.bubble_eye.hurt": "Bubble Eye hurts",
  "subtitles.entity.anomalocaris.death": "Anomalocaris dies",
  "subtitles.entity.anomalocaris.flop": "Anomalocaris flops",
  "subtitles.entity.anomalocaris.hurt": "Anomalocaris hurts",
  "subtitles.entity.anglerfish.death": "Anglerfish dies",
  "subtitles.entity.anglerfish.flop": "Anglerfish flops",
  "subtitles.entity.anglerfish.hurt": "Anglerfish hurts",
  "subtitles.entity.mahi_mahi.death": "Mahi Mahi dies",
  "subtitles.entity.mahi_mahi.flop": "Mahi Mahi flops",
  "subtitles.entity.mahi_mahi.hurt": "Mahi Mahi hurts",
  "advancements.husbandry.put_worm_in_block.title": "A (Blocky) Can of Worms",
  "advancements.husbandry.put_worm_in_block.description": "Stick a Worm into some Dirt or Mud, where it can reproduce if buried",
  "advancements.husbandry.obtain_roe.title": "Uncured Caviar",
  "advancements.husbandry.obtain_roe.description": "Pick up Fish Roe, using Silk Touch",
  "advancements.husbandry.obtain_sea_slug_eggs.title": "Forbidden Cinnamon Roll",
  "advancements.husbandry.obtain_sea_slug_eggs.description": "Pick up Sea Slug Eggs, using Silk Touch",
  "advancements.husbandry.traded_with_pelican.title": "Paying the Bill",
  "advancements.husbandry.traded_with_pelican.description": "Trade the Fish inside a Pelican's Beak for another Fish",
  "advancements.husbandry.look_at_nautilus.title": "Cephalopod Activities",
  "advancements.husbandry.look_at_nautilus.description": "Observe a Nautilus"
}