{
  "itemGroup.finsandtails": "Fins and Tails",

  "item.finsandtails.blu_wee": "Blu Wee",
  "item.finsandtails.blu_wee_bucket": "Bucket of Blu Wee",
  "item.finsandtails.pea_wee": "Pea Wee",
  "item.finsandtails.pea_wee_bucket": "Bucket of Pea Wee",
  "item.finsandtails.banded_redback_shrimp": "Banded Redback Shrimp",
  "item.finsandtails.cooked_banded_redback_shrimp": "Cooked Banded Redback Shrimp",
  "item.finsandtails.banded_redback_shrimp_bucket": "Bucket of Banded Redback Shrimp",
  "item.finsandtails.teal_arrowfish": "Teal Arrowfish",
  "item.finsandtails.teal_arrowfish_bucket": "Bucket of Teal Arrowfish",
  "item.finsandtails.swamp_mucker": "Swamp Mucker",
  "item.finsandtails.swamp_mucker_bucket": "Bucket of Swamp Mucker",
  "item.finsandtails.flatback_sucker": "Flatback Sucker",
  "item.finsandtails.flatback_sucker_bucket": "Bucket of Flatback Sucker",
  "item.finsandtails.high_finned_blue": "High-finned Blue",
  "item.finsandtails.high_finned_blue_bucket": "Bucket of High-finned Blue",
  "item.finsandtails.fwin": "Fwin",
  "item.finsandtails.fwinged_boots": "Fwinged Boots",
  "item.finsandtails.mudhorse_leather": "Mudhorse Leather",
  "item.finsandtails.mudhorse_pouch": "Mudhorse Pouch",
  "item.finsandtails.phantom_nudibranch_bucket": "Bucket of Phantom Nudibranch",
  "item.finsandtails.ornate_bugfish": "Ornate Bugfish",
  "item.finsandtails.ornate_bugfish_bucket": "Bucket of Ornate Bugfish",
  "item.finsandtails.bugmeat": "Bugfish Meat",
  "item.finsandtails.cooked_bugmeat": "Cooked Bugfish Meat",
  "item.finsandtails.penglil_bucket": "Bucket of Penglil",
  "item.finsandtails.spindly_gem_crab_bucket": "Bucket of Spindly Gem Crab",
  "item.finsandtails.ruby_spindly_gem_crab": "Ruby Spindly Gem Crab",
  "item.finsandtails.pearl_spindly_gem_crab": "Pearl Spindly Gem Crab",
  "item.finsandtails.sapphire_spindly_gem_crab": "Sapphire Spindly Gem Crab",
  "item.finsandtails.emerald_spindly_gem_crab": "Emerald Spindly Gem Crab",
  "item.finsandtails.amber_spindly_gem_crab": "Amber Spindly Gem Crab",
  "item.finsandtails.spindly_gem": "Spindly Gem",
  "item.finsandtails.bugfish_mandibles": "Bugfish Mandibles",
  "item.finsandtails.gem_crab_amulet": "Spindly Gem Charm",
  "item.finsandtails.flatback_shell": "Flatback Shell",
  "item.finsandtails.red_bull_crab_bucket": "Bucket of Red Bull Crab",
  "item.finsandtails.white_bull_crab_bucket": "Bucket of White Bull Crab",
  "item.finsandtails.cooked_bull_crab_claw": "Cooked Bull Crab Claw",
  "item.finsandtails.white_bull_crab_claw": "White Bull Crab Claw",
  "item.finsandtails.red_bull_crab_claw": "Red Bull Crab Claw",
  "item.finsandtails.red_claw_gauntlet": "Red Claw Gauntlet",
  "item.finsandtails.white_claw_gauntlet": "White Claw Gauntlet",
  "item.finsandtails.gopjet_jet": "Gopjet Jet",
  "item.finsandtails.gopjet_jetpack": "Gopjetpack",
  "item.finsandtails.horatee_hide": "Horatee Hide",
  "item.finsandtails.armored_gopjet_jetpack": "Armored Gopjet Jetpack",
  "item.finsandtails.wee_wee": "Wee Wee",
  "item.finsandtails.wee_wee_bucket": "Bucket of Wee Wee",
  "item.finsandtails.vibra_wee": "Vibra Wee",
  "item.finsandtails.vibra_wee_bucket": "Bucket of Vibra Wee",
  "item.finsandtails.flatback_leaf_snail_pot": "Pot of Flatback Leaf Snail",
  "item.finsandtails.river_pebble_snail_pot": "Pot of River Pebble Snail",
  "item.finsandtails.pebble_shell": "Pebble Shell",
  "item.finsandtails.siderol_whiskered_snail_pot": "Pot of Siderol Whiskered Snail",
  "item.finsandtails.siderol_shell": "Siderol Shell",
  "item.finsandtails.golden_river_ray_bucket": "Bucket of Golden River Ray",
  "item.finsandtails.golden_river_ray_wing_fillet": "Golden River Ray Wing Fillet",
  "item.finsandtails.raw_golden_river_ray_wing": "Raw Golden River Ray Wing",
  "item.finsandtails.night_light_squid": "Night Light Squid",
  "item.finsandtails.night_light_squid_tentacle": "Night Light Squid Tentacle",
  "item.finsandtails.night_light_squid_bucket": "Bucket of Night Light Squid",
  "item.finsandtails.swamp_didgeridoo": "Swamp Didgeridoo",
  "item.finsandtails.reef_cocktail": "Reef Cocktail",
  "item.finsandtails.seafood_soup": "Seafood Soup",
  "item.finsandtails.crab_sandwich": "Crab Sandwich",
  "item.finsandtails.luminous_calamari": "Luminous Calamari",
  "item.finsandtails.cooked_luminous_calamari": "Cooked Luminous Calamari",
  "item.finsandtails.wee_delight": "Wee Delight",
  "item.finsandtails.banner_pattern_mandibles": "Banner Pattern",
  "item.finsandtails.banner_pattern_mandibles.desc": "Mandibles",
  "item.finsandtails.banner_pattern_shell": "Banner Pattern",
  "item.finsandtails.banner_pattern_shell.desc": "Shell",
  "item.finsandtails.spindly_emerald": "Spindly Emerald",
  "item.finsandtails.spindly_pearl": "Spindly Pearl",
  "item.finsandtails.spindly_sapphire": "Spindly Sapphire",
  "item.finsandtails.spindly_ruby": "Spindly Ruby",
  "item.finsandtails.spindly_amber": "Spindly Amber",
  "item.finsandtails.empty_charm": "Empty Charm",
  "item.finsandtails.spindly_amber_charm": "Spindly Amber Charm",
  "item.finsandtails.spindly_ruby_charm": "Spindly Ruby Charm",
  "item.finsandtails.spindly_pearl_charm": "Spindly Pearl Charm",
  "item.finsandtails.spindly_sapphire_charm": "Spindly Sapphire Charm",
  "item.finsandtails.spindly_emerald_charm": "Spindly Emerald Charm",
  "item.finsandtails.gopjet_bucket": "Bucket of Gopjet",
  "item.finsandtails.music_disc_crashing_tides": "Music Disc",
  "item.finsandtails.music_disc_whistling_wyverns": "Music Disc",
  "item.finsandtails.music_disc_crashing_tides.desc": "Mr. Esuoh - Crashing Tides",
  "item.finsandtails.music_disc_whistling_wyverns.desc": "Mr. Esuoh - Whistling Wyverns",
  "item.finsandtails.papa_wee_bucket": "Bucket of Papa Wee",
  "item.finsandtails.papa_wee": "Papa Wee",
  "item.finsandtails.cooked_papa_wee": "Cooked Papa Wee",
  "item.finsandtails.baby_horatee_bucket": "Bucket of Baby Horatee",
  "item.finsandtails.wherbling_pot": "Pot of Wherbling",
  "item.finsandtails.wherble_fin": "Wherble Fin",
  "item.finsandtails.cooked_wherble_fin": "Cooked Wherble Fin",
  "item.finsandtails.stuffed_wherble_fin": "Stuffed Wherble Fin",
  "item.finsandtails.blu_wee_spawn_egg": "Blu Wee Spawn Egg",
  "item.finsandtails.pea_wee_spawn_egg": "Pea Wee Spawn Egg",
  "item.finsandtails.banded_redback_shrimp_spawn_egg": "Banded Redback Shrimp Spawn Egg",
  "item.finsandtails.teal_arrowfish_spawn_egg": "Teal Arrowfish Spawn Egg",
  "item.finsandtails.swamp_mucker_spawn_egg": "Swamp Mucker Spawn Egg",
  "item.finsandtails.flatback_sucker_spawn_egg": "Flatback Sucker Spawn Egg",
  "item.finsandtails.high_finned_blue_spawn_egg": "High-finned Blue Spawn Egg",
  "item.finsandtails.ornate_bugfish_spawn_egg": "Ornate Bugfish Spawn Egg",
  "item.finsandtails.mudhorse_spawn_egg": "Mudhorse Spawn Egg",
  "item.finsandtails.phantom_nudibranch_spawn_egg": "Phantom Nudibranch Spawn Egg",
  "item.finsandtails.gopjet_spawn_egg": "Gopjet Spawn Egg",
  "item.finsandtails.rubber_belly_glider_spawn_egg": "Rubber Belly Glider Spawn Egg",
  "item.finsandtails.penglil_spawn_egg": "Penglil Spawn Egg",
  "item.finsandtails.spindly_gem_crab_spawn_egg": "Spindly Gem Crab Spawn Egg",
  "item.finsandtails.flatback_leaf_snail_spawn_egg": "Flatback Leaf Snail Spawn Egg",
  "item.finsandtails.red_bull_crab_spawn_egg": "Red Bull Crab Spawn Egg",
  "item.finsandtails.white_bull_crab_spawn_egg": "White Bull Crab Spawn Egg",
  "item.finsandtails.wee_wee_spawn_egg": "Wee Wee Spawn Egg",
  "item.finsandtails.vibra_wee_spawn_egg": "Vibra Wee Spawn Egg",
  "item.finsandtails.river_pebble_snail_spawn_egg": "River Pebble Snail Spawn Egg",
  "item.finsandtails.siderol_whiskered_snail_spawn_egg": "Siderol Whiskered Snail Spawn Egg",
  "item.finsandtails.golden_river_ray_spawn_egg": "Golden River Ray Spawn Egg",
  "item.finsandtails.night_light_squid_spawn_egg": "Night Light Squid Spawn Egg",
  "item.finsandtails.papa_wee_spawn_egg": "Papa Wee Spawn Egg",
  "item.finsandtails.wherble_spawn_egg": "Wherble Spawn Egg",
  "item.finsandtails.goliath_garden_crab_spawn_egg": "Goliath Garden Crab Spawn Egg",
  "item.finsandtails.wandering_sailor_spawn_egg": "Wandering Sailor Spawn Egg",
  "item.finsandtails.crowned_horatee_spawn_egg": "Crowned Horatee Spawn Egg",
  "entity.finsandtails.blu_wee": "Blu Wee",
  "entity.finsandtails.pea_wee": "Pea Wee",
  "entity.finsandtails.banded_redback_shrimp": "Banded Redback Shrimp",
  "entity.finsandtails.teal_arrowfish": "Teal Arrowfish",
  "entity.finsandtails.swamp_mucker": "Swamp Mucker",
  "entity.finsandtails.flatback_sucker": "Flatback Sucker",
  "entity.finsandtails.high_finned_blue": "High-finned Blue",
  "entity.finsandtails.mudhorse": "Mudhorse",
  "entity.finsandtails.ornate_bugfish": "Ornate Bugfish",
  "entity.finsandtails.phantom_nudibranch": "Phantom Nudibranch",
  "entity.finsandtails.gopjet": "Gopjet",
  "entity.finsandtails.rubber_belly_glider": "Rubber Belly Glider",
  "entity.finsandtails.penglil": "Penglil",
  "entity.finsandtails.spindly_gem_crab": "Spindly Gem Crab",
  "entity.finsandtails.flatback_leaf_snail": "Flatback Leaf Snail",
  "entity.finsandtails.red_bull_crab": "Red Bull Crab",
  "entity.finsandtails.white_bull_crab": "White Bull Crab",
  "entity.finsandtails.wee_wee": "Wee Wee",
  "entity.finsandtails.vibra_wee": "Vibra Wee",
  "entity.finsandtails.river_pebble_snail": "River Pebble Snail",
  "entity.finsandtails.siderol_whiskered_snail": "Siderol Whiskered Snail",
  "entity.finsandtails.golden_river_ray": "Golden River Ray",
  "entity.finsandtails.night_light_squid": "Night Light Squid",
  "entity.finsandtails.papa_wee": "Papa Wee",
  "entity.finsandtails.wherble": "Wherble",
  "entity.finsandtails.wandering_sailor": "Wandering Sailor",
  "entity.finsandtails.crowned_horatee_spawn": "Crowned Horatee",
  "entity.finsandtails.goliath_garden_crab": "Goliath Garden Crab",
  "block.finsandtails.crab_cruncher": "Crab Cruncher",
  "block.finsandtails.spindly_gem_block": "Block of Spindly Gem",
  "block.finsandtails.pebble_shell_bricks": "Pebble Shell Bricks",
  "block.finsandtails.flatback_shell_bricks": "Flatback Shell Bricks",
  "block.finsandtails.flatback_shell_brick_stairs": "Flatback Shell Brick Stairs",
  "block.finsandtails.flatback_shell_brick_slab": "Flatback Shell Brick Slab",
  "block.finsandtails.pebble_shell_brick_stairs": "Pebble Shell Brick Stairs",
  "block.finsandtails.pebble_shell_brick_slab": "Pebble Shell Brick Slab",
  "block.finsandtails.chiseled_pebble_shell_bricks": "Chiseled Pebble Shell Bricks",
  "block.finsandtails.chiseled_flatback_shell_bricks": "Chiseled Flatback Shell Bricks",
  "block.finsandtails.pebble_shell_pillar": "Pebble Shell Pillar",
  "block.finsandtails.flatback_shell_block": "Flatback Shell Block",
  "block.finsandtails.flatback_shell_stairs": "Flatback Shell Stairs",
  "block.finsandtails.flatback_shell_slab": "Flatback Shell Slab",
  "block.finsandtails.chiseled_siderol_shell_bricks": "Chiseled Siderol Shell Bricks",
  "block.finsandtails.siderol_shell_brick_slab": "Siderol Shell Brick Slab",
  "block.finsandtails.siderol_shell_brick_stairs": "Siderol Shell Brick Stairs",
  "block.finsandtails.siderol_shell_bricks": "Siderol Shell Bricks",
  "block.finsandtails.mixed_pebble_shell_bricks": "Mixed Pebble Shell Bricks",
  "block.finsandtails.mixed_pebble_shell_brick_slab": "Mixed Pebble Shell Brick Slab",
  "block.finsandtails.mixed_pebble_shell_brick_stairs": "Mixed Pebble Shell Brick Stairs",
  "block.finsandtails.mixed_flatback_shell_bricks": "Mixed Flatback Shell Bricks",
  "block.finsandtails.mixed_flatback_shell_brick_slab": "Mixed Flatback Shell Brick Slab",
  "block.finsandtails.mixed_flatback_shell_brick_stairs": "Mixed Flatback Shell Brick Stairs",
  "block.finsandtails.chained_tentacle": "Chained Tentacle",
  "block.finsandtails.spindly_emerald_block": "Block of Spindly Emerald",
  "block.finsandtails.spindly_pearl_block": "Block of Spindly Pearl",
  "block.finsandtails.spindly_sapphire_block": "Block of Spindly Sapphire",
  "block.finsandtails.spindly_ruby_block": "Block of Spindly Ruby",
  "block.finsandtails.spindly_amber_block": "Block of Spindly Amber",

  "enchantment.finsandtails.fluked_edge": "Fluked Edge",
  "enchantment.finsandtails.fluked_edge.desc": "Allows you to jump out of the water. You must be at the right angle for this to work.",
  "enchantment.finsandtails.uppercutting": "Uppercutting",
  "enchantment.finsandtails.uppercutting.desc": "Propels the attack target upwards when in water.",
  "enchantment.finsandtails.crabs_favor": "Crab's Favor",
  "enchantment.finsandtails.crabs_favor.desc": "Attack targets drop more exprience when killed.",

  "finsandtails.mudhorse.ambient": "Mudhorse grunts",
  "finsandtails.mudhorse.hurt": "Mudhorse hurts",
  "finsandtails.mudhorse.death": "Mudhorse dies",
  "finsandtails.rubber_belly_glider.ambient": "Rubber Belly Glider clicks",
  "finsandtails.rubber_belly_glider.hurt": "Rubber Belly Glider hurts",
  "finsandtails.rubber_belly_glider.death": "Rubber Belly Glider dies",
  "finsandtails.penglil.ambient": "Penglil chirps",
  "finsandtails.penglil.hurt": "Penglil hurts",
  "finsandtails.penglil.death": "Penglil dies",
  "finsandtails.crab.death": "Crab dies",
  "finsandtails.crab.crunch": "Crab crunches",
  "finsandtails.horatee.ambient": "Horatee Purr",
  "finsandtails.horatee.hurt": "Horatee Hurt",
  "finsandtails.horatee.death": "Horatee Death",
  "finsandtails.didgeridoo.play": "Didgeridoo plays",
  "finsandtails.jetpack.use": "Bubbles pop",
  "finsandtails.click": "Flatback Sucker clicks",
  "finsandtails.wandering_sailor.ambient": "Wandering Sailor squishes",
  "finsandtails.wandering_sailor.hurt": "Wandering Sailor hurt",
  "finsandtails.wandering_sailor.death": "Wandering Sailor death",
  "finsandtails.wandering_sailor.yes": "Wandering Sailor agrees",
  "finsandtails.wandering_sailor.no": "Wandering Sailor disagrees",
  "finsandtails.wherble.ambient": "Wherble chirps",
  "finsandtails.wherble.hurt": "Wherble hurt",
  "finsandtails.wherble.death": "Wherble dies",

  "entity.finsandtails.penglil.0": "Striped Cream",
  "entity.finsandtails.penglil.1": "Viridus",
  "entity.finsandtails.penglil.2": "Blue Angrus",
  "entity.finsandtails.penglil.3": "Teal Tigrus",
  "entity.finsandtails.penglil.4": "Red Billed Angrus",
  "entity.finsandtails.penglil.5": "Sun Masked",
  "entity.finsandtails.penglil.6": "Dark Billed Angrus",
  "entity.finsandtails.penglil.7": "Aqua Masked Red Chin",
  "entity.finsandtails.golden_river_ray.0": "Pick Back",
  "entity.finsandtails.golden_river_ray.1": "Three Spot",
  "entity.finsandtails.golden_river_ray.2": "Five Spot",
  "entity.finsandtails.night_light_squid.0": "Void",
  "entity.finsandtails.night_light_squid.1": "Crimson",
  "entity.finsandtails.night_light_squid.2": "Midnight",
  "entity.finsandtails.night_light_squid.3": "Abyssal",
  "entity.finsandtails.river_pebble_snail.0": "Mudstone",
  "entity.finsandtails.river_pebble_snail.1": "Argillite",
  "entity.finsandtails.river_pebble_snail.2": "Limestone",
  "entity.finsandtails.river_pebble_snail.3": "Marl",
  "entity.finsandtails.river_pebble_snail.4": "Gritstone",
  "entity.finsandtails.spindly_gem_crab.0": "Emerald",
  "entity.finsandtails.spindly_gem_crab.1": "Pearl",
  "entity.finsandtails.spindly_gem_crab.2": "Sapphire",
  "entity.finsandtails.spindly_gem_crab.3": "Ruby",
  "entity.finsandtails.spindly_gem_crab.4": "Amber",
  "entity.finsandtails.vibra_wee.0": "Wild",
  "entity.finsandtails.vibra_wee.1": "Weller's Blue",
  "entity.finsandtails.vibra_wee.2": "Tiled Yellowhead",
  "entity.finsandtails.vibra_wee.3": "Cardinal",
  "entity.finsandtails.vibra_wee.4": "Short Yellowfin",
  "entity.finsandtails.vibra_wee.5": "Emperor",
  "entity.finsandtails.vibra_wee.6": "Ornate",
  "entity.finsandtails.vibra_wee.7": "Tall Greenfin",
  "entity.finsandtails.vibra_wee.8": "Faux Wild",
  "entity.finsandtails.vibra_wee.9": "Half and Half",
  "entity.finsandtails.vibra_wee.10": "Arbez",
  "entity.finsandtails.vibra_wee.11": "Zebra",
  "entity.finsandtails.vibra_wee.12": "Metal Dust",
  "entity.finsandtails.vibra_wee.13": "King Yellowfin",
  "entity.finsandtails.vibra_wee.14": "Tiled Redhead",

  "finsandtails.spindly_charm.desc": "Grants magical powers when the wearer is close to dying.",
  "finsandtails.spindly_gem_charm.desc": "Grants many magical powers when the wearer is close to dying.\nCan be repaired with spindly gems.",
  "finsandtails.swamp_didgeridoo.desc": "This instrument's low frequencies are said to entrance mudhorses.",
  "finsandtails.gopjet_jetpack.desc": "Propels the player upwards at the cost of water.",
  "finsandtails.teal_arrowfish.desc": "Can be used as ammo.",
  "finsandtails.high_finned_blue.desc": "Especially loved by penglils.",

  "block.minecraft.banner.mandibles.black": "Black Mandibles",
  "block.minecraft.banner.mandibles.red": "Red Mandibles",
  "block.minecraft.banner.mandibles.green": "Green Mandibles",
  "block.minecraft.banner.mandibles.brown": "Brown Mandibles",
  "block.minecraft.banner.mandibles.blue": "Blue Mandibles",
  "block.minecraft.banner.mandibles.purple": "Purple Mandibles",
  "block.minecraft.banner.mandibles.cyan": "Cyan Mandibles",
  "block.minecraft.banner.mandibles.silver": "Light Gray Mandibles",
  "block.minecraft.banner.mandibles.gray": "Gray Mandibles",
  "block.minecraft.banner.mandibles.pink": "Pink Mandibles",
  "block.minecraft.banner.mandibles.lime": "Lime Mandibles",
  "block.minecraft.banner.mandibles.yellow": "Yellow Mandibles",
  "block.minecraft.banner.mandibles.lightBlue": "Light Blue Mandibles",
  "block.minecraft.banner.mandibles.magenta": "Magenta Mandibles",
  "block.minecraft.banner.mandibles.orange": "Orange Mandibles",
  "block.minecraft.banner.mandibles.white": "White Mandibles",
  "block.minecraft.banner.shell.black": "Black Shell",
  "block.minecraft.banner.shell.red": "Red Shell",
  "block.minecraft.banner.shell.green": "Green Shell",
  "block.minecraft.banner.shell.brown": "Brown Shell",
  "block.minecraft.banner.shell.blue": "Blue Shell",
  "block.minecraft.banner.shell.purple": "Purple Shell",
  "block.minecraft.banner.shell.cyan": "Cyan Shell",
  "block.minecraft.banner.shell.silver": "Light Gray Shell",
  "block.minecraft.banner.shell.gray": "Gray Shell",
  "block.minecraft.banner.shell.pink": "Pink Shell",
  "block.minecraft.banner.shell.lime": "Lime Shell",
  "block.minecraft.banner.shell.yellow": "Yellow Shell",
  "block.minecraft.banner.shell.lightBlue": "Light Blue Shell",
  "block.minecraft.banner.shell.magenta": "Magenta Shell",
  "block.minecraft.banner.shell.orange": "Orange Shell",
  "block.minecraft.banner.shell.white": "White Shell",

  "category.finsandtails.crunching_recipe": "Crunching",

  "container.finsandtails.crab_cruncher": "Crab Cruncher",

  "advancements.finsandtails.root.title": "Fins and Tails",
  "advancements.finsandtails.root.desc": "Bucket any creature from Fins and Tails",
  "advancements.finsandtails.gopjet_joyride.title": "Gopjet Joyride",
  "advancements.finsandtails.gopjet_joyride.desc": "Equip a Gopjetpack",
  "advancements.finsandtails.ko.title": "K.O.",
  "advancements.finsandtails.ko.desc": "Kill an entity with claw gauntlets in both hands",
  "advancements.finsandtails.smallest_fish.title": "Smallest Fish in the World",
  "advancements.finsandtails.smallest_fish.desc": "Bucket a Wee Wee"
}