{
  "advancements.eye_of_sanguinius_achievment.title": "Red Thirst",
  "itemGroup.tabsanguis_creative_tab": "Sanguis",
  "gamerule.bleedingMobLocked.description": "Defines if Bleeding can be applied to undead, golems etc.",
  "item.sanguis.blood_shade_spawn_egg": "Blood Shade Spawn Egg",
  "advancements.eye_of_sanguinius_challenge.title": "HORUS!!!",
  "enchantment.sanguis.bloodlust": "Curse of Bloodlust",
  "advancements.blood_shade_achievment.descr": "Summon a bloody shade from defeated enemy",
  "subtitles.bleeding_sound": "Bleeding activated",
  "enchantment.sanguis.rupture.desc": "Your weapon can apply §4Bleeding§r",
  "item.sanguis.spine_remover": "Spine Remover",
  "advancements.sanguis_core_achievment.descr": "Obtain an Unbound Blood",
  "gamerule.bleedingDamage.description": "Damage that Bleeding will deal on activation",
  "advancements.flesh_tearer_achievment.title": "Rip and Tear",
  "item.sanguis.ritual_clothing_leggings": "Ceremonial Shackles",
  "advancements.spine_remover_achievment.title": "Keen Extraction",
  "enchantment.sanguis.berserking.desc": "Your attacks give you invincibility-frames",
  "advancements.verbum_imperialis_challenge.title": "40K Ways to Die",
  "advancements.bloodthirster_achievment.title": "Max Pain",
  "advancements.bloodthirster_achievment.descr": "Deal 4 true damage with Bloodthirster ability",
  "advancements.sanguis_core_achievment.title": "Sanguis",
  "advancements.verbum_imperialis_challenge.descr": "Slay 40 agressive mobs with Verbum Imperialis without taking any damage",
  "subtitles.verbum_imperialis_attack": "Chainsaw works",
  "item.sanguis.dr_faust.line1": "You create Unbound Blood upon attacking an enemy",
  "advancements.spine_remover_achievment.descr": "Backstab an enemy with Spine Remover",
  "item.sanguis.dr_faust.line2": "Upon getting hit you lose Unbound Blood from your inventory",
  "effect.sanguis.bleeding": "Bleeding",
  "item.sanguis.mask_of_sorrow.line1": "§cEquipping a full set of Ritual Clothing provides following effects:",
  "item.sanguis.mask_of_sorrow.line2": "Upon taking a hit from enemy you start §4Bleeding§r",
  "subtitles.verbum_imperialis_rev": "Chainsaw rev",
  "item.sanguis.mask_of_sorrow.line3": "After §4Bleeding§r effect activates you will not take any damage for 5 seconds",
  "enchantment.sanguis.rupture": "Rupture",
  "item.sanguis.chant_of_blood": "§cChant Of Blood",
  "gamerule.bleedingMobLocked": "Bleeding locked from specific mobs",
  "advancements.crimson_grace_achievment.title": "Nihil! Nihil! Nihil!",
  "advancements.kill_a_pyromancer_challenge.descr": "Defeat a player bearing Blazing Journal from Pyromancer mod",
  "enchantment.sanguis.bleed.desc": "You have 50% chance to negate the incoming attack and get §4Bleeding§r instead",
  "item.sanguis.bloody_coating": "Bloody Coating",
  "item.sanguis.dr_faust_helmet": "§cDr. Faust",
  "death.attack.bleeding_sngs4.player": "%1$s had too much holes",
  "advancements.verbum_imperialis_achievement.title": "In His Name!",
  "advancements.death_by_bleed_challenge.title": "Lord of Bloodloss",
  "item.sanguis.crimson_grace": "Crimson Grace",
  "block.sanguis.crimson_lily": "Crimson Lily",
  "advancements.blood_shade_achievment.title": "Arise!",
  "item.sanguis.eye_of_sanguinius": "Eye Of Sanguinius",
  "item.sanguis.eye_of_sanguinius.line3": "However, if striked enemy is not §4Bleeding§r bearer becomes more hungry and starts §4Bleeding§r",
  "item.sanguis.eye_of_sanguinius.line2": "Upon striking mobs with §4Bleeding§r bearer becomes less hungry",
  "item.sanguis.eye_of_sanguinius.line1": "§cWhen in second hand bearer is in constant need of blood",
  "advancements.verbum_imperialis_achievement.descr": "Create a Verbum Imperialis",
  "death.attack.bleeding_sngs1.player": "%1$s died from bleeding",
  "enchantment.sanguis.bloodlust.desc": "Your weapon apply §4Bleeding§r both to the attacked mob and to you",
  "item.sanguis.ritual_clothing_helmet": "Mask of Sorrow",
  "death.attack.bleeding_sngs3.player": "%1$s painted surroundings red",
  "death.attack.bleeding_sngs2.player": "%1$s failed to stay in one piece",
  "advancements.eye_of_sanguinius_achievment.descr": "Obtain Eye of Sanguinius",
  "gamerule.bleedingActivation.description": "Level of Bleeding on which it\u0027s effect activates",
  "item.sanguis.bloodthirster.line1": "Attacks on enemies with §4Bleeding§r deals additional true damage",
  "subtitles.verbum_imperialis_end": "Chainsaw stopped",
  "advancements.death_by_bleed_challenge.descr": "Die because of Bleeding while carrying Bleeding weapon",
  "effect.sanguis.invincibility": "Invincibility",
  "item.sanguis.dr_faust_chestplate": "Dr Faust Body",
  "item.sanguis.spine_remover.line1": "Backstabbing an enemy applies §4Bleeding§r to them and deals double damage",
  "item.sanguis.dr_faust_leggings": "Dr Faust Leggings",
  "advancements.crimson_grace_achievment.descr": "Use Crimson Grace ability",
  "item.sanguis.dr_faust_boots": "Dr Faust Boots",
  "advancements.bloody_shade_challenge.descr": "Have at least 6 bloody shades being summoned simultaneously",
  "gamerule.bleedingDefaultApplication": "Default Bleeding application level",
  "item.sanguis.verbum_imperialis.line1": "§c\"Let His enemies pay with their blood\"",
  "item.sanguis.verbum_imperialis.line2": "Fueled by blood, this chainsword becomes more powerful the more enemies you kill",
  "item.sanguis.verbum_imperialis.line3": "Upon taking damage this weapon returns to it\u0027s regular state",
  "item.sanguis.verbum_imperialis": "Verbum Imperialis",
  "item.sanguis.flesh_tearer_projectile": "debug",
  "item.sanguis.absorbing_ingot": "Absorbing Ingot",
  "gamerule.bleedingActivation": "Bleeding Activation level",
  "advancements.bloodletter_achievment.descr": "Strike more than 5 enemies in one attack with Bloodletter",
  "advancements.ritual_clothing_achievment.descr": "Equip a full set of Ritual Clothing",
  "item.sanguis.bloodletter": "Bloodletter",
  "advancements.kill_a_pyromancer_challenge.title": "Boiling Blood",
  "item.sanguis.ritual_clothing_chestplate": "Faithful Robe",
  "enchantment.sanguis.berserking": "Berserking",
  "advancements.killed_by_pyromancer_challenge.descr": "Be killed by a player bearing Blazing Journal from Pyromancer mod",
  "item.sanguis.unbound_blood": "Unbound Blood",
  "effect.sanguis.bloody_coating_effect": "Bloody Coating",
  "item.sanguis.flesh_tearer.line3": "Projectiles ignore invincibility frames of enemies",
  "item.sanguis.flesh_tearer.line1": "Transforms your health into a cluster of deadly projectiles",
  "item.sanguis.flesh_tearer.line2": "These projectiles have a chance to apply §4Bleeding§r onto attacked enemy",
  "advancements.verbum_imperialis_and_flesh_tearer_challenge.title": "§4§lU L T R A V I O L E N C E",
  "entity.sanguis.blood_shade": "Blood Shade",
  "advancements.killed_by_pyromancer_challenge.title": "Burn the Heretic",
  "item.sanguis.bloodletter.line1": "On hit applies §4Bleeding§r to nearby enemies",
  "item.sanguis.flesh_tearer": "Flesh Tearer",
  "gamerule.bleedingDefaultApplication.description": "A default level of Bleeding application via weapons",
  "subtitles.flesh_tearer_sound": "Flesh Tearer was used",
  "item.sanguis.crimson_grace.line1": "Press RMB to burn §4Bleeding§r enemies with your own blood",
  "advancements.verbum_imperialis_and_flesh_tearer_challenge.descr": "Use the power of rage to rampage through the Nether",
  "advancements.eye_of_sanguinius_challenge.descr": "Defeat the Wither or the Ender Dragon while starving to death with Eye of Sanguinius",
  "enchantment.sanguis.bleed": "Bleed",
  "item.sanguis.chant_of_blood.line1": "§cSlaughtered monsters will arise as bloody shades",
  "advancements.bloody_shade_challenge.title": "Armata Strigoi",
  "item.sanguis.ritual_clothing_boots": "Sacrificial Boots",
  "item.sanguis.chant_of_blood.line3": "Bloody shades will disapear after some time",
  "item.sanguis.chant_of_blood.line2": "Bloody shades attack nearby monsters and apply §4Bleeding§r",
  "gamerule.bleedingDamage": "Bleeding Damage",
  "advancements.ritual_clothing_achievment.title": "Masochism",
  "advancements.flesh_tearer_achievment.descr": "Obtain Flesh Tearer",
  "advancements.bloodletter_achievment.title": "All You Can Bleed",
  "item.sanguis.bloodthirster": "Bloodthirster"
}