{
  "gui.skd.acacia_dresser_gui.label_dresser": "Dresser",
  "block.skd.oak_outdoor_table": "Oak Outdoor Table",
  "block.skd.spruce_basic_table": "Spruce Basic Table",
  "block.skd.oak_bedside_table": "Oak Bedside Table",
  "gui.skd.warped_dresser_gui.label_inventory": "Inventory",
  "item.skd.birch_plank": "Birch Plank",
  "block.skd.yellow_concrete_table": "Yellow Concrete Table",
  "block.skd.smooth_acacia_fence": "Smooth Acacia Fence",
  "block.skd.warped_fungus_table": "Warped Fungus Table",
  "gui.skd.mangrove_bedside_table_gui.label_bedside_table": "Bedside Table",
  "gui.skd.mangrove_dresser_gui.label_dresser": "Dresser",
  "gui.skd.oak_bedside_table_gui.label_cabinet": "Cabinet",
  "block.skd.smooth_oak_fence_gate": "Smooth Oak Fence Gate",
  "block.skd.acacia_trunk_table": "Acacia Trunk Table",
  "gui.skd.spruce_bedside_table_gui.label_bedside_table": "Bedside Table",
  "block.skd.exposed_copper_table": "Exposed Copper Table",
  "block.skd.gold_table": "Gold Table",
  "gui.skd.crimson_dresser_gui.label_dresser": "Dresser",
  "gui.skd.warped_dresser_gui.label_dresser": "Dresser",
  "block.skd.birch_simple_table": "Birch Simple Table",
  "gui.skd.oak_cabinet_gui.label_cabinet": "Cabinet",
  "gui.skd.birch_cabinet_gui.label_inventory": "Inventory",
  "block.skd.crimson_dresser": "Crimson Dresser",
  "block.skd.birch_coffee_table": "Birch Coffee Table",
  "gui.skd.spruce_dresser_gui.label_dresser": "Dresser",
  "block.skd.smooth_birch_slab": "Smooth Birch Slab",
  "block.skd.dark_oak_trunk_table": "Dark Oak Trunk Table",
  "gui.skd.dark_oak_dresser_gui.label_dresser": "Dresser",
  "gui.skd.acacia_bedside_table_gui.label_inventory": "Inventory",
  "block.skd.smooth_mangrove_slab": "Smooth Mangrove Slab",
  "block.skd.acacia_coffee_table": "Acacia Coffee Table",
  "gui.skd.crimson_bedside_table_gui.label_inventory": "Inventory",
  "gui.skd.acacia_bedside_table_gui.label_bedside_table": "Bedside Table",
  "gui.skd.mangrove_drawer_gui.label_drawer": "Drawer",
  "block.skd.pink_glass_table": "Pink Glass Table",
  "block.skd.oak_cabinet": "Oak Cabinet",
  "gui.skd.jungle_drawer_gui.label_inventory": "Inventory",
  "gui.skd.mangrove_cabinet_gui.label_inventory": "Inventory",
  "item.skd.spruce_plank": "Spruce Plank",
  "block.skd.jungle_simple_table": "Jungle Simple Table",
  "block.skd.jungle_coffee_table": "Jungle Coffee Table",
  "block.skd.cyan_glass_table": "Cyan Glass Table",
  "block.skd.waxed_exposed_copper_table": "Waxed Exposed Copper Table",
  "gui.skd.warped_cabinet_gui.label_inventory": "Inventory",
  "block.skd.acacia_glass_table": "Acacia Glass Table",
  "block.skd.waxed_copper_table": "Waxed Copper Table",
  "block.skd.orange_glass_table": "Orange Glass Table",
  "item.skd.mangrove_plank": "Mangrove Plank",
  "block.skd.gray_glass_table": "Gray Glass Table",
  "block.skd.smooth_crimson_fence_gate": "Smooth Crimson Fence Gate",
  "block.skd.birch_dresser": "Birch Dresser",
  "gui.skd.birch_dresser_gui.label_dresser": "Dresser",
  "block.skd.acacia_simple_table": "Acacia Simple Table",
  "gui.skd.mangrove_dresser_gui.label_inventory": "Inventory",
  "block.skd.dark_oak_outdoor_table": "Dark Oak Outdoor Table",
  "gui.skd.oak_drawer_gui.label_inventory": "Inventory",
  "block.skd.warped_dresser": "Warped Dresser",
  "block.skd.oak_dresser": "Oak Dresser",
  "gui.skd.drawer_gui.label_cabinet": "Drawer",
  "block.skd.spruce_cabinet": "Spruce Cabinet",
  "block.skd.smooth_warped_fence": "Smooth Warped Fence",
  "block.skd.smooth_dark_oak_fence_gate": "Smooth Dark Oak Fence Gate",
  "block.skd.jungle_dresser": "Jungle Dresser",
  "block.skd.jungle_basic_table": "Jungle Basic Table",
  "block.skd.warped_basic_table": "Warped Basic Table",
  "gui.skd.cabinet_gui.label_cabinet": "Cabinet",
  "item.skd.dark_oak_plank": "Dark Oak Plank",
  "gui.skd.dark_oak_dresser_gui.label_cabinet": "Dresser",
  "block.skd.smooth_warped_planks": "Smooth Warped Planks",
  "block.skd.blue_glass_table": "Blue Glass Table",
  "block.skd.mangrove_bedside_table": "Mangrove Bedside Table",
  "block.skd.smooth_oak_slab": "Smooth Oak Slab",
  "block.skd.dark_oak_bedside_table": "Dark Oak Bedside Table",
  "block.skd.black_concrete_table": "Black Concrete Table",
  "block.skd.smooth_mangrove_fence_gate": "Smooth Mangrove Fence Gate",
  "block.skd.smooth_dark_oak_planks": "Smooth Dark Oak Planks",
  "block.skd.mangrove_basic_table": "Mangrove Basic Table",
  "gui.skd.acacia_dresser_gui.label_inventory": "Inventory",
  "gui.skd.oak_bedside_table_gui.label_inventory": "Inventory",
  "block.skd.brown_concrete_table": "Brown Concrete Table",
  "block.skd.smooth_jungle_slab": "Smooth Jungle Slab",
  "block.skd.crimson_glass_table": "Crimson Glass Table",
  "block.skd.smooth_spruce_planks": "Smooth Spruce Planks",
  "block.skd.warped_coffee_table": "Warped Coffee Table",
  "block.skd.red_mushroom_table": "Red Mushroom Table",
  "block.skd.copper_table": "Copper Table",
  "block.skd.dark_oak_drawer": "Dark Oak Drawer",
  "block.skd.purple_glass_table": "Purple Glass Table",
  "block.skd.warped_glass_table": "Warped Glass Table",
  "block.skd.mangrove_dresser": "Mangrove Dresser",
  "block.skd.smooth_spruce_slab": "Smooth Spruce Slab",
  "block.skd.crimson_trunk_table": "Crimson Trunk Table",
  "gui.skd.acacia_dresser_gui.label_cabinet": "Dresser",
  "item.skd.jungle_plank": "Jungle Plank",
  "block.skd.smooth_acacia_slab": "Smooth Acacia Slab",
  "gui.skd.acacia_drawer_gui.label_drawer": "Drawer",
  "block.skd.smooth_oak_fence": "Smooth Oak Fence",
  "block.skd.weathered_copper_table": "Weathered Copper Table",
  "gui.skd.warped_bedside_table_gui.label_bedside_table": "Bedside Table",
  "gui.skd.drawer_gui.label_drawer": "Drawer",
  "block.skd.smooth_birch_stairs": "Smooth Birch Stairs",
  "gui.skd.jungle_cabinet_gui.label_inventory": "Inventory",
  "item.skd.copper_nugget": "Copper Nugget",
  "gui.skd.oak_drawer_gui.label_drawer": "Drawer",
  "gui.skd.acacia_cabinet_gui.label_cabinet": "Cabinet",
  "block.skd.lime_glass_table": "Lime Glass Table",
  "block.skd.smooth_spruce_fence_gate": "Smooth Spruce Fence Gate",
  "block.skd.birch_basic_table": "Birch Basic Table",
  "block.skd.crimson_simple_table": "Crimson Simple Table",
  "itemGroup.tabdecoration": "Decoration",
  "gui.skd.spruce_cabinet_gui.label_inventory": "Inventory",
  "gui.skd.crimson_dresser_gui.label_cabinet": "Dresser",
  "block.skd.warped_bedside_table": "Warped Bedside Table",
  "gui.skd.warped_drawer_gui.label_inventory": "Inventory",
  "block.skd.warped_drawer": "Warped Drawer",
  "block.skd.smooth_mangrove_fence": "Smooth Mangrove Fence",
  "gui.skd.spruce_bedside_table_gui.label_inventory": "Inventory",
  "block.skd.crimson_bedside_table": "Crimson Bedside Table",
  "block.skd.oak_basic_table": "Oak Basic Table",
  "block.skd.smooth_jungle_fence": "Smooth Jungle Fence",
  "block.skd.acacia_drawer": "Acacia Drawer",
  "block.skd.smooth_mangrove_stairs": "Smooth Mangrove Stairs",
  "itemGroup.tabblocks_and_items": "Blocks and Items",
  "gui.skd.jungle_dresser_gui.label_dresser": "Dresser",
  "block.skd.spruce_glass_table": "Spruce Glass Table",
  "block.skd.smooth_dark_oak_stairs": "Smooth Dark Oak Stairs",
  "block.skd.dark_oak_coffee_table": "Dark Oak Coffee Table",
  "block.skd.spruce_bedside_table": "Spruce Bedside Table",
  "gui.skd.dark_oak_drawer_gui.label_inventory": "Inventory",
  "block.skd.acacia_bedside_table": "Acacia Bedside Table",
  "block.skd.gray_concrete_table": "Gray Concrete Table",
  "block.skd.waxed_oxidized_copper_table": "Waxed Oxidized Copper Table",
  "block.skd.jungle_bedside_table": "Jungle Bedside Table",
  "block.skd.glass_table": "Glass Table",
  "block.skd.birch_outdoor_table": "Birch Outdoor Table",
  "block.skd.smooth_spruce_fence": "Smooth Spruce Fence",
  "gui.skd.mangrove_dresser_gui.label_cabinet": "Dresser",
  "block.skd.light_blue_concrete_table": "Light Blue Concrete Table",
  "gui.skd.spruce_dresser_gui.label_inventory": "Inventory",
  "block.skd.smooth_birch_fence_gate": "Smooth Birch Fence Gate",
  "gui.skd.dark_oak_bedside_table_gui.label_inventory": "Inventory",
  "gui.skd.jungle_drawer_gui.label_drawer": "Drawer",
  "gui.skd.birch_bedside_table_gui.label_inventory": "Inventory",
  "block.skd.lime_concrete_table": "Lime Concrete Table",
  "block.skd.smooth_warped_stairs": "Smooth Warped Stairs",
  "block.skd.mangrove_drawer": "Mangrove Drawer",
  "gui.skd.crimson_dresser_gui.label_inventory": "Inventory",
  "gui.skd.mangrove_bedside_table_gui.label_inventory": "Inventory",
  "gui.skd.dark_oak_cabinet_gui.label_inventory": "Inventory",
  "gui.skd.acacia_drawer_gui.label_inventory": "Inventory",
  "block.skd.oak_coffee_table": "Oak Coffee Table",
  "gui.skd.oak_dresser_gui.label_dresser": "Dresser",
  "block.skd.acacia_cabinet": "Acacia Cabinet",
  "block.skd.white_concrete_table": "White Concrete Table",
  "gui.skd.spruce_cabinet_gui.label_cabinet": "Cabinet",
  "item.skd.warped_plank": "Warped Plank",
  "block.skd.crimson_cabinet": "Crimson Cabinet",
  "gui.skd.spruce_dresser_gui.label_cabinet": "Dresser",
  "gui.skd.jungle_bedside_table_gui.label_bedside_table": "Bedside Table",
  "block.skd.smooth_dark_oak_fence": "Smooth Dark Oak Fence",
  "block.skd.dark_oak_cabinet": "Dark Oak Cabinet",
  "block.skd.purple_concrete_table": "Purple Concrete Table",
  "block.skd.birch_cabinet": "Birch Cabinet",
  "block.skd.jungle_drawer": "Jungle Drawer",
  "block.skd.smooth_crimson_planks": "Smooth Crimson Planks",
  "block.skd.light_gray_concrete_table": "Light Gray Concrete Table",
  "block.skd.red_concrete_table": "Red Concrete Table",
  "item.skd.acacia_plank": "Acacia Plank",
  "gui.skd.dark_oak_drawer_gui.label_drawer": "Drawer",
  "block.skd.smooth_birch_planks": "Smooth Birch Planks",
  "gui.skd.crimson_drawer_gui.label_drawer": "Drawer",
  "block.skd.red_glass_table": "Red Glass Table",
  "gui.skd.jungle_cabinet_gui.label_cabinet": "Cabinet",
  "gui.skd.acacia_cabinet_gui.label_inventory": "Inventory",
  "block.skd.acacia_outdoor_table": "Acacia Outdoor Table",
  "gui.skd.jungle_dresser_gui.label_inventory": "Inventory",
  "block.skd.smooth_acacia_stairs": "Smooth Acacia Stairs",
  "gui.skd.crimson_cabinet_gui.label_cabinet": "Cabinet",
  "block.skd.jungle_outdoor_table": "Jungle Outdoor Table",
  "block.skd.tinted_glass_table": "Tinted Glass Table",
  "gui.skd.jungle_dresser_gui.label_cabinet": "Dresser",
  "block.skd.mangrove_coffee_table": "Mangrove Coffee Table",
  "block.skd.smooth_jungle_stairs": "Smooth Jungle Stairs",
  "block.skd.smooth_mangrove_planks": "Smooth Mangrove Planks",
  "block.skd.oak_simple_table": "Oak Simple Table",
  "gui.skd.spruce_drawer_gui.label_inventory": "Inventory",
  "block.skd.warped_cabinet": "Warped Cabinet",
  "block.skd.smooth_crimson_stairs": "Smooth Crimson Stairs",
  "block.skd.warped_simple_table": "Warped Simple Table",
  "gui.skd.warped_cabinet_gui.label_cabinet": "Cabinet",
  "block.skd.light_gray_glass_table": "Light Gray Glass Table",
  "block.skd.smooth_acacia_fence_gate": "Smooth Acacia Fence Gate",
  "block.skd.smooth_crimson_slab": "Smooth Crimson Slab",
  "gui.skd.birch_bedside_table_gui.label_bedside_table": "Bedside Table",
  "block.skd.crimson_drawer": "Crimson Drawer",
  "block.skd.jungle_trunk_table": "Jungle Trunk Table",
  "gui.skd.mangrove_cabinet_gui.label_cabinet": "Cabinet",
  "block.skd.jungle_cabinet": "Jungle Cabinet",
  "block.skd.smooth_birch_fence": "Smooth Birch Fence",
  "block.skd.spruce_coffee_table": "Spruce Coffee Table",
  "block.skd.yellow_glass_table": "Yellow Glass Table",
  "gui.skd.spruce_drawer_gui.label_drawer": "Drawer",
  "block.skd.brown_mushroom_table": "Brown Mushroom Table",
  "block.skd.spruce_dresser": "Spruce Dresser",
  "block.skd.acacia_basic_table": "Acacia Basic Table",
  "block.skd.spruce_trunk_table": "Spruce Trunk Table",
  "gui.skd.drawer_gui.label_inventory": "Inventory",
  "block.skd.dark_oak_basic_table": "Dark Oak Basic Table",
  "block.skd.smooth_oak_planks": "Smooth Oak Planks",
  "block.skd.black_glass_table": "Black Glass Table",
  "block.skd.mangrove_simple_table": "Mangrove Simple Table",
  "gui.skd.birch_dresser_gui.label_cabinet": "Dresser",
  "block.skd.mangrove_glass_table": "Mangrove Glass Table",
  "block.skd.brown_glass_table": "Brown Glass Table",
  "block.skd.spruce_simple_table": "Spruce Simple Table",
  "block.skd.warped_outdoor_table": "Warped Outdoor Table",
  "item.skd.netherite_nugget": "Netherite Nugget",
  "gui.skd.dark_oak_cabinet_gui.label_cabinet": "Cabinet",
  "block.skd.green_concrete_table": "Green Concrete Table",
  "block.skd.warped_trunk_table": "Warped Trunk Table",
  "block.skd.mangrove_trunk_table": "Mangrove Trunk Table",
  "item.skd.oak_plank": "Oak Plank",
  "block.skd.birch_bedside_table": "Birch Bedside Table",
  "block.skd.jungle_glass_table": "Jungle Glass Table",
  "gui.skd.birch_dresser_gui.label_inventory": "Inventory",
  "block.skd.smooth_warped_slab": "Smooth Warped Slab",
  "block.skd.white_glass_table": "White Glass Table",
  "block.skd.mangrove_outdoor_table": "Mangrove Outdoor Table",
  "block.skd.spruce_outdoor_table": "Spruce Outdoor Table",
  "block.skd.birch_trunk_table": "Birch Trunk Table",
  "block.skd.oxidized_copper_table": "Oxidized Copper Table",
  "block.skd.netherite_table": "Netherite Table",
  "gui.skd.birch_drawer_gui.label_inventory": "Inventory",
  "gui.skd.crimson_cabinet_gui.label_inventory": "Inventory",
  "block.skd.oak_glass_table": "Oak Glass Table",
  "block.skd.dark_oak_glass_table": "Dark Oak Glass Table",
  "block.skd.crimson_outdoor_table": "Crimson Outdoor Table",
  "block.skd.mangrove_cabinet": "Mangrove Cabinet",
  "block.skd.smooth_jungle_fence_gate": "Smooth Jungle Fence Gate",
  "block.skd.smooth_acacia_planks": "Smooth Acacia Planks",
  "gui.skd.crimson_drawer_gui.label_inventory": "Inventory",
  "block.skd.cyan_concrete_table": "Cyan Concrete Table",
  "block.skd.crimson_coffee_table": "Crimson Coffee Table",
  "item.skd.crimson_plank": "Crimson Plank",
  "block.skd.blue_concrete_table": "Blue Concrete Table",
  "block.skd.oak_drawer": "Oak Drawer",
  "gui.skd.oak_dresser_gui.label_cabinet": "Dresser",
  "gui.skd.cabinet_gui.label_inventory": "Inventory",
  "block.skd.oak_trunk_table": "Oak Trunk Table",
  "block.skd.acacia_dresser": "Acacia Dresser",
  "block.skd.smooth_warped_fence_gate": "Smooth Warped Fence Gate",
  "block.skd.dark_oak_simple_table": "Dark Oak Simple Table",
  "block.skd.smooth_spruce_stairs": "Smooth Spruce Stairs",
  "block.skd.smooth_crimson_fence": "Smooth Crimson Fence",
  "gui.skd.jungle_bedside_table_gui.label_inventory": "Inventory",
  "block.skd.iron_table": "Iron Table",
  "gui.skd.warped_drawer_gui.label_drawer": "Drawer",
  "gui.skd.warped_dresser_gui.label_cabinet": "Dresser",
  "gui.skd.mangrove_drawer_gui.label_inventory": "Inventory",
  "gui.skd.warped_bedside_table_gui.label_inventory": "Inventory",
  "gui.skd.birch_drawer_gui.label_drawer": "Drawer",
  "block.skd.magenta_glass_table": "Magenta Glass Table",
  "gui.skd.oak_dresser_gui.label_inventory": "Inventory",
  "block.skd.smooth_dark_oak_slab": "Smooth Dark Oak Slab",
  "gui.skd.birch_cabinet_gui.label_cabinet": "Cabinet",
  "block.skd.green_glass_table": "Green Glass Table",
  "block.skd.crimson_fungus_table": "Crimson Fungus Table",
  "block.skd.dark_oak_dresser": "Dark Oak Dresser",
  "block.skd.orange_concrete_table": "Orange Concrete Table",
  "gui.skd.dark_oak_dresser_gui.label_inventory": "Inventory",
  "gui.skd.crimson_bedside_table_gui.label_bedside_table": "Bedside Table",
  "block.skd.birch_drawer": "Birch Drawer",
  "block.skd.spruce_drawer": "Spruce Drawer",
  "block.skd.crimson_basic_table": "Crimson Basic Table",
  "block.skd.smooth_jungle_planks": "Smooth Jungle Planks",
  "block.skd.magenta_concrete_table": "Magenta Concrete Table",
  "block.skd.pink_concrete_table": "Pink Concrete Table",
  "block.skd.light_blue_glass_table": "Light Blue Glass Table",
  "block.skd.birch_glass_table": "Birch Glass Table",
  "block.skd.waxed_weathered_copper_table": "Waxed Weathered Copper Table",
  "gui.skd.dark_oak_bedside_table_gui.label_bedside_table": "Bedside Table",
  "block.skd.smooth_oak_stairs": "Smooth Oak Stairs",
  "gui.skd.oak_cabinet_gui.label_inventory": "Inventory",
  "gui.skd.oak_bedside_table_gui.label_bedside_table": "Bedside Table"
}