{
  "block.savage_and_ravage.gloomy_tiles": "Gloomy Tiles",
  "block.savage_and_ravage.gloomy_tile_stairs": "Gloomy Tile Stairs",
  "block.savage_and_ravage.gloomy_tile_slab": "Gloomy Tile Slab",
  "block.savage_and_ravage.gloomy_tile_wall": "Gloomy Tile Wall",
  "block.savage_and_ravage.chiseled_gloomy_tiles": "Chiseled Gloomy Tiles",
  "block.savage_and_ravage.gloomy_tile_vertical_slab": "Gloomy Tile Vertical Slab",
  "block.savage_and_ravage.runed_gloomy_tiles": "Runed Gloomy Tiles",
  
  "block.savage_and_ravage.blast_proof_plates": "Blast-Proof Plates",
  "block.savage_and_ravage.blast_proof_slab": "Blast-Proof Slab",
  "block.savage_and_ravage.blast_proof_stairs": "Blast-Proof Stairs",
  "block.savage_and_ravage.blast_proof_vertical_slab": "Blast-Proof Vertical Slab",
  "block.savage_and_ravage.creeper_spore_sack": "Creeper Spore Sack",
  "block.savage_and_ravage.spore_bomb": "Spore Bomb",
  
  "item.savage_and_ravage.blast_proof_plating": "Blast-Proof Plating",
  "item.savage_and_ravage.griefer_helmet": "Griefer Helmet",
  "item.savage_and_ravage.griefer_chestplate": "Griefer Chestplate",
  "item.savage_and_ravage.griefer_leggings": "Griefer Leggings",
  "item.savage_and_ravage.griefer_boots": "Griefer Boots",
  
  "item.savage_and_ravage.wand_of_freezing": "Wand of Freezing",
  "item.savage_and_ravage.cleaver_of_beheading": "Cleaver of Beheading",
  "item.savage_and_ravage.conch_of_conjuring": "Conch of Conjuring",
  "item.savage_and_ravage.mask_of_dishonesty": "Mask of Dishonesty",

  "item.savage_and_ravage.creeper_spores": "Creeper Spores",
  "item.savage_and_ravage.mischief_arrow": "Mischief Arrow",
  
  "item.savage_and_ravage.skeleton_villager_spawn_egg": "Skeleton Villager Spawn Egg",
  "item.savage_and_ravage.griefer_spawn_egg": "Griefer Spawn Egg",
  "item.savage_and_ravage.executioner_spawn_egg": "Executioner Spawn Egg",
  "item.savage_and_ravage.iceologer_spawn_egg": "Iceologer Spawn Egg",
  "item.savage_and_ravage.trickster_spawn_egg": "Trickster Spawn Egg",

  "entity.savage_and_ravage.skeleton_villager": "Skeleton Villager",
  "entity.savage_and_ravage.griefer": "Griefer",
  "entity.savage_and_ravage.creepie": "Creepie",
  "entity.savage_and_ravage.spore_cloud": "Spore Cloud",
  "entity.savage_and_ravage.spore_bomb": "Spore Bomb",
  "entity.savage_and_ravage.rune_prison": "Rune Prison",
  "entity.savage_and_ravage.burning_banner": "Burning Banner",
  "entity.savage_and_ravage.mischief_arrow": "Mischief Arrow",
  "entity.savage_and_ravage.executioner": "Executioner",
  "entity.savage_and_ravage.iceologer": "Iceologer",
  "entity.savage_and_ravage.ice_chunk": "Ice Chunk",
  "entity.savage_and_ravage.ice_cloud": "Ice Cloud",
  "entity.savage_and_ravage.trickster": "Trickster",

  "effect.savage_and_ravage.weight": "Weight",

  "attribute.name.generic.explosive_damage_reduction": "Explosive Damage Reduction",

  "advancements.savage_and_ravage.adventure.creeper_spores.title": "Creepie Crawly",
  "advancements.savage_and_ravage.adventure.creeper_spores.description": "Obtain Creeper Spores by killing a Creeper with an explosion",
  "advancements.savage_and_ravage.adventure.griefer_armor.title": "Dynamite with a Laser Beam",
  "advancements.savage_and_ravage.adventure.griefer_armor.description": "Collect a full set of Griefer armor",
  "advancements.savage_and_ravage.adventure.relic_collector.title": "Relic Collector",
  "advancements.savage_and_ravage.adventure.relic_collector.description": "Obtain all magical Illager relics",
  "advancements.savage_and_ravage.adventure.mask_of_dishonesty.title": "A Little Tricking",
  "advancements.savage_and_ravage.adventure.mask_of_dishonesty.description": "Obtain a Mask of Dishonesty by killing a Trickster",

  "advancements.savage_and_ravage.adventure.voluntary_exile.description": "Set fire to an Ominous Banner.\nMaybe consider staying away from villages for the time being...",

  "subtitles.savage_and_ravage.entity.creepie.hurt": "Creepie hurts",
  "subtitles.savage_and_ravage.entity.creepie.death": "Creepie dies",
  "subtitles.savage_and_ravage.entity.creepie.fuse": "Creepie hisses",
  "subtitles.savage_and_ravage.entity.creepie.convert": "Creepie converts",
  "subtitles.savage_and_ravage.entity.creepie.grow": "Creepie grows",
  
  "subtitles.savage_and_ravage.entity.iceologer.ambient": "Iceologer murmurs",
  "subtitles.savage_and_ravage.entity.iceologer.hurt": "Iceologer hurts",
  "subtitles.savage_and_ravage.entity.iceologer.death": "Iceologer dies",
  "subtitles.savage_and_ravage.entity.iceologer.celebrate": "Iceologer cheers",
  "subtitles.savage_and_ravage.entity.iceologer.cast_spell": "Iceologer casts spell",

  "subtitles.savage_and_ravage.entity.trickster.ambient": "Trickster murmurs",
  "subtitles.savage_and_ravage.entity.trickster.step": "Trickster jingles",
  "subtitles.savage_and_ravage.entity.trickster.hurt": "Trickster hurts",
  "subtitles.savage_and_ravage.entity.trickster.death": "Trickster dies",
  "subtitles.savage_and_ravage.entity.trickster.celebrate": "Trickster cheers",
  "subtitles.savage_and_ravage.entity.trickster.laugh": "Trickster laughs",
  "subtitles.savage_and_ravage.entity.trickster.cast_spell": "Trickster casts spell",

  "subtitles.savage_and_ravage.entity.player.cast_spell": "Player casts spell",
  "subtitles.savage_and_ravage.entity.creeper_spores.throw": "Creeper Spores fly",
  "subtitles.savage_and_ravage.generic.prepare_attack": "Something prepares attack",
  "subtitles.savage_and_ravage.generic.puff_of_smoke": "Puff of smoke"
}